Workbook

Sheet EV
B2: Start Date | C2: 42005
B3: End Date | C3: =TODAY() -> 46065
B4: Periods | C4: M
C6: EV | D6: EV | E6: EV | F6: EV | G6: EV | H6: EV | I6: EV | J6: EV | K6: EV | L6: EV | M6: EV | N6: EV | O6: EV | P6: EV | Q6: EV | R6: EV | S6: EV | T6: EV | U6: EV | V6: EV | W6: EV | X6: EV | Y6: EV | Z6: EV | AA6: EV | AB6: EV | AC6: EV | AD6: EV | AE6: EV | AF6: EV | AG6: EV | AH6: EV | AI6: EV | AJ6: EV | AK6: EV | AL6: EV | AM6: EV | AN6: EV | AO6: EV | AP6: EV | AQ6: EV | AR6: EV | AS6: EV | AT6: EV | AU6: EV | AV6: EV | AW6: EV | AX6: EV | AY6: EV | AZ6: EV | BA6: x | KJ6: x
C7: ADBE US Equity | D7: AKAM US Equity | E7: APPF US Equity | F7: AXON US Equity | G7: CRM US Equity | H7: CRWD US Equity | I7: CYBR US Equity | J7: DDOG US Equity | K7: DOCN US Equity | L7: DT US Equity | M7: ESTC US Equity | N7: FIG US Equity | O7: FROG US Equity | P7: GTLB US Equity | Q7: HUBS US Equity | R7: IOT US Equity | S7: KVYO US Equity | T7: MDB US Equity | U7: MNDY US Equity | V7: NET US Equity | W7: NOW US Equity | X7: PLTR US Equity | Y7: PTC US Equity | Z7: QLYS US Equity | AA7: RBRK US Equity | AB7: SAIL US Equity | AC7: SHOP US Equity | AD7: SNOW US Equity | AE7: TEAM US Equity | AF7: TTAN US Equity | AG7: VEEV Us Equity | AH7: WDAY US Equity | AI7: ZETA US Equity | AJ7: OKTA US Equity | AK7: CFLT US Equity | AL7: MSFT US Equity | AM7: PATH US Equity | AN7: ZS US Equity | AO7: FTNT US Equity | AP7: PANW US Equity | AQ7: ORCL US Equity | AR7: GLBE US Equity | AS7: ADSK US Equity | AT7: PCOR US Equity | AU7: INTU US Equity | AV7: FRSH US Equity | AW7: PAYC US Equity | AX7: S US Equity | AY7: NCNO US Equity | AZ7: BILL US Equity | BA7: NVDA US Equity | BB7: GOOG US Equity | BC7: MSFT US Equity | BD7: AMZN US Equity | BE7: META US Equity | BF7: AVGO US Equity | BG7: LLY US Equity | BH7: ORCL US Equity | BI7: BABA US Equity | BJ7: PLTR US Equity | BK7: NFLX US Equity | BL7: CRM US Equity | BM7: APH US Equity | BN7: ANET US Equity | BO7: UBER US Equity | BP7: APP US Equity | BQ7: BKNG US Equity | BR7: WELL US Equity | BS7: NEM US Equity | BT7: IBKR US Equity | BU7: INTU US Equity | BV7: PANW US Equity | BW7: NOW US Equity | BX7: ADBE US Equity | BY7: CRWD US Equity | BZ7: SPOT US Equity | CA7: KKR US Equity | CB7: NU US Equity | CC7: DASH US Equity | CD7: CVNA US Equity | CE7: HWM US Equity | CF7: BK US Equity | CG7: SNPS US Equity | CH7: HOOD US Equity | CI7: ABNB US Equity | CJ7: APO US Equity | CK7: CDNS US Equity | CL7: PWR US Equity | CM7: VRT US Equity | CN7: NET US Equity | CO7: SNOW US Equity | CP7: FTNT US Equity | CQ7: MPWR US Equity | CR7: ADSK US Equity | CS7: ALNY US Equity | CT7: CCL US Equity | CU7: ARES US Equity | CV7: FIX US Equity | CW7: WDAY US Equity | CX7: DDOG US Equity | CY7: EBAY US Equity | CZ7: TCOM US Equity | DA7: HEI US Equity | DB7: BE US Equity | DC7: TKO US Equity | DD7: PYPL US Equity | DE7: AXON US Equity | DF7: CPNG US Equity | DG7: XYZ US Equity | DH7: LYV US Equity | DI7: FICO US Equity | DJ7: RDDT US Equity | DK7: LPLA US Equity | DL7: ZS US Equity | DM7: FTAI US Equity | DN7: EXPE US Equity | DO7: MDB US Equity | DP7: DXCM US Equity | DQ7: TEAM US Equity | DR7: SOFI US Equity | DS7: ZM US Equity | DT7: FSLR US Equity | DU7: FTI US Equity | DV7: RGLD US Equity | DW7: WWD US Equity | DX7: AFRM US Equity | DY7: CRDO US Equity | DZ7: INCY US Equity | EA7: MTZ US Equity | EB7: OWL US Equity | EC7: BURL US Equity | ED7: CHKP US Equity | EE7: SMCI US Equity | EF7: PODD US Equity | EG7: ATI US Equity | EH7: CRS US Equity | EI7: TOST US Equity | EJ7: TWLO US Equity | EK7: FN US Equity | EL7: MEDP US Equity | EM7: BBIO US Equity | EN7: OKTA US Equity | EO7: ONON US Equity | EP7: Z US Equity | EQ7: IOT US Equity | ER7: PINS US Equity | ES7: PEN US Equity | ET7: ROKU US Equity | EU7: NBIX US Equity | EV7: W US Equity | EW7: DKNG US Equity | EX7: AKAM US Equity | EY7: TTD US Equity | EZ7: CELH US Equity | FA7: HUBS US Equity | FB7: GDDY US Equity | FC7: RYAN US Equity | FD7: DY US Equity | FE7: RBRK US Equity | FF7: EXEL US Equity | FG7: CHWY US Equity | FH7: U US Equity | FI7: BMRN US Equity | FJ7: GWRE US Equity | FK7: CFLT US Equity | FL7: MOD US Equity | FM7: DT US Equity | FN7: NCLH US Equity | FO7: FLS US Equity | FP7: NTNX US Equity | FQ7: CART US Equity | FR7: AXSM US Equity | FS7: DOCU US Equity | FT7: KNSL US Equity | FU7: HALO US Equity | FV7: BROS US Equity | FW7: PRIM US Equity | FX7: PL US Equity | FY7: PCOR US Equity | FZ7: WING US Equity | GA7: AAON US Equity | GB7: PLNT US Equity | GC7: RYTM US Equity | GD7: EAT US Equity | GE7: HQY US Equity | GF7: PAYC US Equity | GG7: CWAN US Equity | GH7: PCTY US Equity | GI7: LYFT US Equity | GJ7: MTCH US Equity | GK7: FSS US Equity | GL7: ROAD US Equity | GM7: SFM US Equity | GN7: HXL US Equity | GO7: PATH US Equity | GP7: LTH US Equity | GQ7: DBX US Equity | GR7: KVYO US Equity | GS7: ALK US Equity | GT7: ESTC US Equity | GU7: TTAN US Equity | GV7: LMND US Equity | GW7: FROG US Equity | GX7: FLNC US Equity | GY7: HIMS US Equity | GZ7: NE US Equity | HA7: OS US Equity | HB7: DUOL US Equity | HC7: GTLB US Equity | HD7: RDNT US Equity | HE7: DOCN US Equity | HF7: ETSY US Equity | HG7: CNX US Equity | HH7: MNDY US Equity | HI7: LAUR US Equity | HJ7: KD US Equity | HK7: BFAM US Equity | HL7: CRSP US Equity | HM7: FOUR US Equity | HN7: PI US Equity | HO7: TGTX US Equity | HP7: TCBI US Equity | HQ7: CALM US Equity | HR7: STNE US Equity | HS7: S US Equity | HT7: ZETA US Equity | HU7: MYRG US Equity | HV7: SEI US Equity | HW7: SHAK US Equity | HX7: ACMR US Equity | HY7: KC US Equity | HZ7: BILL US Equity | IA7: OSCR US Equity | IB7: LRN US Equity | IC7: QTWO US Equity | ID7: DAN US Equity | IE7: ATGE US Equity | IF7: COCO US Equity | IG7: TDW US Equity | IH7: PLMR US Equity | II7: ARQT US Equity | IJ7: XMTR US Equity | IK7: VRNS US Equity | IL7: OPLN US Equity | IM7: CPRX US Equity | IN7: TVTX US Equity | IO7: BWIN US Equity | IP7: ATRO US Equity | IQ7: FRSH US Equity | IR7: TARS US Equity | IS7: PRVA US Equity | IT7: BL US Equity | IU7: CHEF US Equity | IV7: CECO US Equity | IW7: TENB US Equity | IX7: RARE US Equity | IY7: UPWK US Equity | IZ7: INTA US Equity | JA7: ASAN US Equity | JB7: DXPE US Equity | JC7: HRMY US Equity | JD7: NCNO US Equity | JE7: BRZE US Equity | JF7: NESR US Equity | JG7: PGNY US Equity | JH7: MNKD US Equity | JI7: AAMI US Equity | JJ7: ALKT US Equity | JK7: CDRE US Equity | JL7: ALGT US Equity | JM7: PAHC US Equity | JN7: BCRX US Equity | JO7: PRCT US Equity | JP7: YELP US Equity | JQ7: XPEL US Equity | JR7: TRIP US Equity | JS7: FLYW US Equity | JT7: CCB US Equity | JU7: FSLY US Equity | JV7: VITL US Equity | JW7: AMPL US Equity | JX7: CDNA US Equity | JY7: COUR US Equity | JZ7: SNCY US Equity | KA7: NRDS US Equity | KB7: PD US Equity | KC7: SG US Equity | KD7: CARS US Equity | KE7: NTGR US Equity | KF7: GOGO US Equity | KG7: WEAV US Equity | KH7: SPT US Equity | KI7: EOLS US Equity | KJ7: x
C8: =_xll.BQL(C$7, "curr_entp_val(as_of_date=range(2015-01-01, 2026-02-12, frq=M), mode=CACHED)", "showdates", "false", "showheaders", "false","cols=1;rows=136") -> ADBE US Equity | D8: =_xll.BQL(D$7, "curr_entp_val(as_of_date=range(2015-01-01, 2026-02-12, frq=M), mode=CACHED)", "showdates", "false", "showheaders", "false","cols=1;rows=136") -> AKAM US Equity | E8: =_xll.BQL(E$7, "curr_entp_val(as_of_date=range(2015-01-01, 2026-02-12, frq=M), mode=CACHED)", "showdates", "false", "showheaders", "false","cols=1;rows=136") -> APPF US Equity | F8: =_xll.BQL(F$7, "curr_entp_val(as_of_date=range(2015-01-01, 2026-02-12, frq=M), mode=CACHED)", "showdates", "false", "showheaders", "false","cols=1;rows=136") -> AXON US Equity | G8: =_xll.BQL(G$7, "curr_entp_val(as_of_date=range(2015-01-01, 2026-02-12, frq=M), mode=CACHED)", "showdates", "false", "showheaders", "false","cols=1;rows=136") -> CRM US Equity | H8: =_xll.BQL(H$7, "curr_entp_val(as_of_date=range(2015-01-01, 2026-02-12, frq=M), mode=CACHED)", "showdates", "false", "showheaders", "false","cols=1;rows=136") -> CRWD US Equity | I8: =_xll.BQL(I$7, "curr_entp_val(as_of_date=range(2015-01-01, 2026-02-12, frq=M), mode=CACHED)", "showdates", "false", "showheaders", "false","cols=1;rows=136") -> CYBR US Equity | J8: =_xll.BQL(J$7, "curr_entp_val(as_of_date=range(2015-01-01, 2026-02-12, frq=M), mode=CACHED)", "showdates", "false", "showheaders", "false","cols=1;rows=136") -> DDOG US Equity | ... KI8: =_xll.BQL(KI$7, "curr_entp_val(as_of_date=range(2015-01-01, 2026-02-12, frq=M), mode=CACHED)", "showdates", "false", "showheaders", "false","cols=1;rows=136") -> EOLS US Equity | KJ8: x
B9: 42005 | C9: 34033140288 | D9: 10244838328 | E9: #N/A | F9: 1323123224 | G9: 37714453328 | H9: #N/A | I9: 1003851288 | J9: #N/A | K9: #N/A | L9: #N/A | M9: #N/A | N9: #N/A | O9: #N/A | P9: #N/A | Q9: 1162180088 | R9: #N/A | S9: #N/A | T9: #N/A | U9: #N/A | V9: #N/A | W9: 9852414752 | X9: #N/A | Y9: 4569444808 | Z9: 1144429936 | AA9: #N/A | AB9: #N/A | AC9: #N/A | AD9: #N/A | AE9: #N/A | AF9: #N/A | AG9: 3056147504 | AH9: 13915947336 | AI9: #N/A | AJ9: #N/A | AK9: #N/A | AL9: 317407514048 | AM9: #N/A | AN9: #N/A | AO9: 4393891944 | AP9: 9283862096 | AQ9: 185621776256 | AR9: #N/A | AS9: 12254981664 | AT9: #N/A | AU9: 25229915008 | AV9: #N/A | AW9: 1354503336 | AX9: #N/A | AY9: #N/A | AZ9: #N/A | BA9: 8049353880 | BB9: 301502447232 | BC9: 317407514048 | BD9: 140774053376 | BE9: 203535905536 | BF9: 29588798016 | BG9: 77624423840 | BH9: 185621776256 | BI9: 1.5377729e+12 | BJ9: #N/A | BK9: 19813946696 | BL9: 37714453328 | BM9: 18053200128 | BN9: 3548725880 | BO9: #N/A | BP9: #N/A | BQ9: 57384808184 | BR9: 35471742136 | BS9: 17058237888 | BT9: 18062462928 | BU9: 25229915008 | BV9: 9283862096 | BW9: 9852414752 | BX9: 34033140288 | BY9: #N/A | BZ9: #N/A | CA9: 65384484952 | CB9: #N/A | CC9: #N/A | CD9: #N/A | CE9: #N/A | CF9: #N/A | CG9: 5744639984 | CH9: #N/A | CI9: #N/A | CJ9: 19736809320 | CK9: 5295156560 | CL9: 5990153400 | CM9: #N/A | CN9: #N/A | CO9: #N/A | CP9: 4393891944 | CQ9: 1698515832 | CR9: 12254981664 | CS9: 6505848032 | CT9: 43992659776 | CU9: 22863222944 | CV9: 654737504 | CW9: 13915947336 | CX9: #N/A | CY9: 66926653248 | CZ9: 3.7236094e+10 | DA9: 3925842376 | DB9: #N/A | DC9: 367688040 | DD9: #N/A | DE9: 1323123224 | DF9: #N/A | DG9: #N/A | DH9: 6207018400 | DI9: 2753449136 | DJ9: #N/A | DK9: 5634511408 | DL9: #N/A | DM9: #N/A | DN9: 10537592040 | DO9: #N/A | DP9: 4145030752 | DQ9: #N/A | DR9: #N/A | DS9: #N/A | DT9: 3571772248 | DU9: 11808967552 | DV9: 3696151608 | DW9: 3806201000 | DX9: #N/A | DY9: #N/A | DZ9: 12500293520 | EA9: 3009054288 | EB9: #N/A | EC9: 4919783456 | ED9: 11334416792 | EE9: 1523809256 | EF9: 2611243192 | EG9: 5162501664 | EH9: 3160154816 | EI9: #N/A | EJ9: #N/A | EK9: 396912904 | EL9: #N/A | EM9: #N/A | EN9: #N/A | EO9: #N/A | EP9: 3939153024 | EQ9: #N/A | ER9: #N/A | ES9: #N/A | ET9: #N/A | EU9: 1521069200 | EV9: 1912969008 | EW9: #N/A | EX9: 10244838328 | EY9: #N/A | EZ9: 10330630 | FA9: 1162180088 | FB9: #N/A | FC9: #N/A | FD9: 1646022688 | FE9: #N/A | FF9: 444323752 | FG9: #N/A | FH9: #N/A | FI9: 13321396632 | FJ9: 3023049736 | FK9: #N/A | FL9: 744107136 | FM9: #N/A | FN9: 13894910704 | FO9: 9168002512 | FP9: #N/A | FQ9: #N/A | FR9: #N/A | FS9: #N/A | FT9: #N/A | FU9: 1125358408 | FV9: #N/A | FW9: 1294636848 | FX9: #N/A | FY9: #N/A | FZ9: #N/A | GA9: 1184718256 | GB9: #N/A | GC9: #N/A | GD9: 4559622560 | GE9: 1285628624 | GF9: 1354503336 | GG9: #N/A | GH9: 1241201160 | GI9: #N/A | GJ9: #N/A | GK9: 1005903968 | GL9: #N/A | GM9: 5406492944 | GN9: 4353363296 | GO9: #N/A | GP9: #N/A | GQ9: #N/A | GR9: #N/A | GS9: 7408085120 | GT9: #N/A | GU9: #N/A | GV9: #N/A | GW9: #N/A | GX9: #N/A | GY9: #N/A | GZ9: #N/A | HA9: #N/A | HB9: #N/A | HC9: #N/A | HD9: 9.8038015e+08 | HE9: #N/A | HF9: #N/A | HG9: 10848354304 | HH9: #N/A | HI9: #N/A | HJ9: #N/A | HK9: 3753777224 | HL9: #N/A | HM9: #N/A | HN9: #N/A | HO9: 629343029 | HP9: #N/A | HQ9: 1743855000 | HR9: #N/A | HS9: #N/A | HT9: #N/A | HU9: 504741592 | HV9: #N/A | HW9: #N/A | HX9: #N/A | HY9: #N/A | HZ9: #N/A | IA9: #N/A | IB9: 380605552 | IC9: 555070256 | ID9: 4095576384 | IE9: 2562478232 | IF9: #N/A | IG9: #N/A | IH9: #N/A | II9: #N/A | IJ9: #N/A | IK9: 691271800 | IL9: 6422494240 | IM9: 163836737 | IN9: 372307025 | IO9: #N/A | IP9: 1394835000 | IQ9: #N/A | IR9: #N/A | IS9: #N/A | IT9: #N/A | IU9: 716985056 | IV9: 468221944 | IW9: #N/A | IX9: 1198519920 | IY9: #N/A | IZ9: #N/A | JA9: #N/A | JB9: 1172265672 | JC9: #N/A | JD9: #N/A | JE9: #N/A | JF9: #N/A | JG9: #N/A | JH9: 2164525800 | JI9: 8248000000 | JJ9: #N/A | JK9: #N/A | JL9: 2877226800 | JM9: 1497951440 | JN9: 776730384 | JO9: #N/A | JP9: 3551230152 | JQ9: 76770364 | JR9: 10402726144 | JS9: #N/A | JT9: #N/A | JU9: #N/A | JV9: #N/A | JW9: #N/A | JX9: 59255256 | JY9: #N/A | JZ9: #N/A | KA9: #N/A | KB9: #N/A | KC9: #N/A | KD9: #N/A | KE9: 987957952 | KF9: 1480301936 | KG9: #N/A | KH9: #N/A | KI9: #N/A
B10: 42036 | C10: 32721588800 | D10: 9389577144 | E10: #N/A | F10: 1350957208 | G10: 35909792592 | H10: #N/A | I10: 832876952 | J10: #N/A | K10: #N/A | L10: #N/A | M10: #N/A | N10: #N/A | O10: #N/A | P10: #N/A | Q10: 1163435640 | R10: #N/A | S10: #N/A | T10: #N/A | U10: #N/A | V10: #N/A | W10: 10586043464 | X10: #N/A | Y10: 4184278344 | Z10: 1153426544 | AA10: #N/A | AB10: #N/A | AC10: #N/A | AD10: #N/A | AE10: #N/A | AF10: #N/A | AG10: 3363045680 | AH10: 13513897288 | AI10: #N/A | AJ10: #N/A | AK10: #N/A | AL10: 269491919040 | AM10: #N/A | AN10: #N/A | AO10: 4208348128 | AP10: 9591547472 | AQ10: 172096374656 | AR10: #N/A | AS10: 10877345312 | AT10: #N/A | AU10: 23696800640 | AV10: #N/A | AW10: 1417583656 | AX10: #N/A | AY10: #N/A | AZ10: #N/A | BA10: 7590065304 | BB10: 304387133056 | BC10: 269491919040 | BD10: 163311031872 | BE10: 201506987648 | BF10: 30173508160 | BG10: #N/A | BH10: 172096374656 | BI10: 1.3103479e+12 | BJ10: #N/A | BK10: 26049156736 | BL10: 35909792592 | BM10: 17996189824 | BN10: 3700770168 | BO10: #N/A | BP10: #N/A | BQ10: 50540306168 | BR10: 37529535672 | BS10: 20175710656 | BT10: 13103117088 | BU10: 23696800640 | BV10: 9591547472 | BW10: 10586043464 | BX10: 32721588800 | BY10: #N/A | BZ10: #N/A | CA10: 65727390808 | CB10: #N/A | CC10: #N/A | CD10: #N/A | CE10: #N/A | CF10: #N/A | CG10: 5671150064 | CH10: #N/A | CI10: #N/A | CJ10: 19947135592 | CK10: 5008290640 | CL10: 5584347320 | CM10: #N/A | CN10: #N/A | CO10: #N/A | CP10: 4208348128 | CQ10: 1611339512 | CR10: 10877345312 | CS10: 6792674528 | CT10: 43096678208 | CU10: 23254663328 | CV10: 637227424 | CW10: 13513897288 | CX10: #N/A | CY10: 63374448704 | CZ10: 3.9180532e+10 | DA10: 3925816008 | DB10: #N/A | DC10: 360056744 | DD10: #N/A | DE10: 1350957208 | DF10: #N/A | DG10: #N/A | DH10: 5737476512 | DI10: 2745054904 | DJ10: #N/A | DK10: 5298561072 | DL10: #N/A | DM10: #N/A | DN10: 10609723624 | DO10: #N/A | DP10: 4507168352 | DQ10: #N/A | DR10: #N/A | DS10: #N/A | DT10: 3343791960 | DU10: 9620164480 | DV10: 4347621224 | DW10: 3541914320 | DX10: #N/A | DY10: #N/A | DZ10: 13615309712 | EA10: 2674185168 | EB10: #N/A | EC10: 5134121760 | ED10: 11040330488 | EE10: 1651631192 | EF10: 1676365240 | EG10: 4481695104 | EH10: 2635136800 | EI10: #N/A | EJ10: #N/A | EK10: 347110152 | EL10: #N/A | EM10: #N/A | EN10: #N/A | EO10: #N/A | EP10: 3574433920 | EQ10: #N/A | ER10: #N/A | ES10: #N/A | ET10: #N/A | EU10: 2381447696 | EV10: 1888923568 | EW10: #N/A | EX10: 9389577144 | EY10: #N/A | EZ10: 14589212 | FA10: 1163435640 | FB10: #N/A | FC10: #N/A | FD10: 1500251168 | FE10: #N/A | FF10: 528266536 | FG10: #N/A | FH10: #N/A | FI10: 15264933272 | FJ10: 2986167560 | FK10: #N/A | FL10: 676602624 | FM10: #N/A | FN10: 13224112880 | FO10: 8440116176 | FP10: #N/A | FQ10: #N/A | FR10: #N/A | FS10: #N/A | FT10: #N/A | FU10: 1705900616 | FV10: #N/A | FW10: 1064673072 | FX10: #N/A | FY10: #N/A | FZ10: #N/A | GA10: 1153124784 | GB10: #N/A | GC10: #N/A | GD10: 4543098016 | GE10: 1029381200 | GF10: 1417583656 | GG10: #N/A | GH10: 1112866696 | GI10: #N/A | GJ10: #N/A | GK10: 995263520 | GL10: #N/A | GM10: 5774098704 | GN10: 4565066944 | GO10: #N/A | GP10: #N/A | GQ10: #N/A | GR10: #N/A | GS10: 8048730048 | GT10: #N/A | GU10: #N/A | GV10: #N/A | GW10: #N/A | GX10: #N/A | GY10: #N/A | GZ10: #N/A | HA10: #N/A | HB10: #N/A | HC10: #N/A | HD10: 9.5261823e+08 | HE10: #N/A | HF10: #N/A | HG10: 9775602408 | HH10: #N/A | HI10: #N/A | HJ10: #N/A | HK10: 3855403080 | HL10: #N/A | HM10: #N/A | HN10: #N/A | HO10: 559000053 | HP10: #N/A | HQ10: 1551296024 | HR10: #N/A | HS10: #N/A | HT10: #N/A | HU10: 455494840 | HV10: #N/A | HW10: 1628655984 | HX10: #N/A | HY10: #N/A | HZ10: #N/A | IA10: #N/A | IB10: 454352144 | IC10: 522220272 | ID10: 3949326144 | IE10: 2239245464 | IF10: #N/A | IG10: #N/A | IH10: #N/A | II10: #N/A | IJ10: #N/A | IK10: 694711032 | IL10: 6346436128 | IM10: 210837729 | IN10: 385246065 | IO10: #N/A | IP10: 1403256120 | IQ10: #N/A | IR10: #N/A | IS10: #N/A | IT10: #N/A | IU10: 675640160 | IV10: 421146584 | IW10: #N/A | IX10: 1652119152 | IY10: #N/A | IZ10: #N/A | JA10: #N/A | JB10: 1034694408 | JC10: #N/A | JD10: #N/A | JE10: #N/A | JF10: #N/A | JG10: #N/A | JH10: 2624995048 | JI10: 8118400000 | JJ10: #N/A | JK10: #N/A | JL10: #N/A | JM10: 1333560400 | JN10: 634439952 | JO10: #N/A | JP10: 3387337928 | JQ10: 67745628 | JR10: 9309355264 | JS10: #N/A | JT10: #N/A | JU10: #N/A | JV10: #N/A | JW10: #N/A | JX10: 57012600 | JY10: #N/A | JZ10: #N/A | KA10: #N/A | KB10: #N/A | KC10: #N/A | KD10: #N/A | KE10: 925355456 | KF10: 1310196208 | KG10: #N/A | KH10: #N/A | KI10: #N/A
B11: 42064 | C11: 37397819968 | D11: 11348927192 | E11: #N/A | F11: 1152019888 | G11: 43259189184 | H11: #N/A | I11: 1576045496 | J11: #N/A | K11: #N/A | L11: #N/A | M11: #N/A | N11: #N/A | O11: #N/A | P11: #N/A | Q11: 1166280872 | R11: #N/A | S11: #N/A | T11: #N/A | U11: #N/A | V11: #N/A | W11: 11252103240 | X11: #N/A | Y11: 4327367496 | Z11: 1406523568 | AA11: #N/A | AB11: #N/A | AC11: #N/A | AD11: #N/A | AE11: #N/A | AF11: #N/A | AG11: 3638601008 | AH11: 14624499480 | AI11: #N/A | AJ11: #N/A | AK11: #N/A | AL11: 297794984128 | AM11: #N/A | AN11: #N/A | AO11: 4820788192 | AP11: 10866590288 | AQ11: 180571703168 | AR11: #N/A | AS11: 13063717568 | AT11: #N/A | AU11: 26148767488 | AV11: #N/A | AW11: 1718511248 | AX11: #N/A | AY11: #N/A | AZ11: #N/A | BA11: 8765513576 | BB11: 322227637888 | BC11: 297794984128 | BD11: 175213205056 | BE11: 210071953024 | BF11: 35648864960 | BG11: 81210455776 | BH11: 180571703168 | BI11: 1.2528996e+12 | BJ11: #N/A | BK11: 28052248192 | BL11: 43259189184 | BM11: 18888441984 | BN11: 4051976144 | BO11: #N/A | BP11: #N/A | BQ11: 63869825008 | BR11: 38605342992 | BS11: 20119906368 | BT11: 13604729632 | BU11: 26148767488 | BV11: 10866590288 | BW11: 11252103240 | BX11: 37397819968 | BY11: #N/A | BZ11: #N/A | CA11: 66130169656 | CB11: #N/A | CC11: #N/A | CD11: #N/A | CE11: #N/A | CF11: #N/A | CG11: 6518030128 | CH11: #N/A | CI11: #N/A | CJ11: 20000108272 | CK11: 5034175912 | CL11: 6016623944 | CM11: #N/A | CN11: #N/A | CO11: #N/A | CP11: 4820788192 | CQ11: 1804306384 | CR11: 13063717568 | CS11: 7622237912 | CT11: 43137050432 | CU11: 23531845280 | CV11: 720338896 | CW11: 14624499480 | CX11: #N/A | CY11: 67602819136 | CZ11: 3.9189545e+10 | DA11: 3886787776 | DB11: #N/A | DC11: 456842872 | DD11: #N/A | DE11: 1152019888 | DF11: #N/A | DG11: #N/A | DH11: 6193520152 | DI11: 3177789112 | DJ11: #N/A | DK11: 5771526424 | DL11: #N/A | DM11: #N/A | DN11: 12284402512 | DO11: #N/A | DP11: 4629238848 | DQ11: #N/A | DR11: #N/A | DS11: #N/A | DT11: 4217771000 | DU11: 9942782592 | DV11: 4324288872 | DW11: 3798078416 | DX11: #N/A | DY11: #N/A | DZ11: 14834931160 | EA11: 2868142808 | EB11: #N/A | EC11: 5559859232 | ED11: 11662529272 | EE11: 1822765784 | EF11: 1814537760 | EG11: 5036867456 | EH11: 2842901408 | EI11: #N/A | EJ11: #N/A | EK11: 395663536 | EL11: #N/A | EM11: #N/A | EN11: #N/A | EO11: #N/A | EP11: 6239089840 | EQ11: #N/A | ER11: #N/A | ES11: #N/A | ET11: #N/A | EU11: 3063816144 | EV11: 2203172144 | EW11: #N/A | EX11: 11348927192 | EY11: #N/A | EZ11: 21995442 | FA11: 1166280872 | FB11: #N/A | FC11: #N/A | FD11: 1924117968 | FE11: #N/A | FF11: #N/A | FG11: #N/A | FH11: #N/A | FI11: 16545146496 | FJ11: 3373081864 | FK11: #N/A | FL11: 698656000 | FM11: #N/A | FN11: 17127190656 | FO11: 9084640904 | FP11: #N/A | FQ11: #N/A | FR11: #N/A | FS11: #N/A | FT11: #N/A | FU11: 1804956360 | FV11: #N/A | FW11: 1161092848 | FX11: #N/A | FY11: #N/A | FZ11: #N/A | GA11: 1182888800 | GB11: #N/A | GC11: #N/A | GD11: 4603899936 | GE11: 1002004304 | GF11: 1718511248 | GG11: #N/A | GH11: 1419562560 | GI11: #N/A | GJ11: #N/A | GK11: 1071624480 | GL11: #N/A | GM11: 5874032176 | GN11: 4901058752 | GO11: #N/A | GP11: #N/A | GQ11: #N/A | GR11: #N/A | GS11: 7942268032 | GT11: #N/A | GU11: #N/A | GV11: #N/A | GW11: #N/A | GX11: #N/A | GY11: #N/A | GZ11: #N/A | HA11: #N/A | HB11: #N/A | HC11: #N/A | HD11: 9.897765e+08 | HE11: #N/A | HF11: #N/A | HG11: 10534402120 | HH11: #N/A | HI11: #N/A | HJ11: #N/A | HK11: 4179025400 | HL11: #N/A | HM11: #N/A | HN11: #N/A | HO11: 570870453 | HP11: #N/A | HQ11: 1676120600 | HR11: #N/A | HS11: #N/A | HT11: #N/A | HU11: 509728600 | HV11: #N/A | HW11: 1531031024 | HX11: #N/A | HY11: #N/A | HZ11: #N/A | IA11: #N/A | IB11: 558449360 | IC11: 628673728 | ID11: 4088562944 | IE11: 1956255152 | IF11: #N/A | IG11: #N/A | IH11: #N/A | II11: #N/A | IJ11: #N/A | IK11: 651098920 | IL11: 6753856704 | IM11: 256040833 | IN11: 420173137 | IO11: #N/A | IP11: 1688836664 | IQ11: #N/A | IR11: #N/A | IS11: #N/A | IT11: #N/A | IU11: 647325152 | IV11: 434338040 | IW11: #N/A | IX11: 1689924080 | IY11: #N/A | IZ11: #N/A | JA11: #N/A | JB11: 1103841672 | JC11: #N/A | JD11: #N/A | JE11: #N/A | JF11: #N/A | JG11: #N/A | JH11: 2573843008 | JI11: 4537500000 | JJ11: #N/A | JK11: #N/A | JL11: 3431965664 | JM11: 1681442848 | JN11: #N/A | JO11: #N/A | JP11: 3170761616 | JQ11: 80586532 | JR11: 12500205568 | JS11: #N/A | JT11: #N/A | JU11: #N/A | JV11: #N/A | JW11: #N/A | JX11: 45799288 | JY11: #N/A | JZ11: #N/A | KA11: #N/A | KB11: #N/A | KC11: #N/A | KD11: #N/A | KE11: 862075480 | KF11: 1634951896 | KG11: #N/A | KH11: #N/A | KI11: #N/A
B12: 42095 | C12: 36279998000 | D12: 11550367448 | E12: #N/A | F12: 1205743664 | G12: 43038919672 | H12: #N/A | I12: 1461865400 | J12: #N/A | K12: #N/A | L12: #N/A | M12: #N/A | N12: #N/A | O12: #N/A | P12: #N/A | Q12: 1157035176 | R12: #N/A | S12: #N/A | T12: #N/A | U12: #N/A | V12: #N/A | W12: 11160297544 | X12: #N/A | Y12: 4499183176 | Z12: 1468488368 | AA12: #N/A | AB12: #N/A | AC12: #N/A | AD12: #N/A | AE12: #N/A | AF12: #N/A | AG12: 2888923800 | AH12: 14317079320 | AI12: #N/A | AJ12: #N/A | AK12: #N/A | AL12: 272117127360 | AM12: #N/A | AN12: #N/A | AO12: 5031537632 | AP12: 10981980984 | AQ12: 176438974272 | AR12: #N/A | AS12: 11793781440 | AT12: #N/A | AU12: 26161219328 | AV12: #N/A | AW12: 1849859216 | AX12: #N/A | AY12: #N/A | AZ12: #N/A | BA12: 8330645336 | BB12: 312292904576 | BC12: 272117127360 | BD12: 170613478976 | BE12: 217615294080 | BF12: 35166053056 | BG12: 82714490592 | BH12: 176438974272 | BI12: 1.1966203e+12 | BJ12: #N/A | BK12: 24314070656 | BL12: 43038919672 | BM12: 19452999808 | BN12: 4206122984 | BO12: #N/A | BP12: #N/A | BQ12: 59305410544 | BR12: 38772877584 | BS12: 18324125760 | BT12: 19050850608 | BU12: 26161219328 | BV12: 10981980984 | BW12: 11160297544 | BX12: 36279998000 | BY12: #N/A | BZ12: #N/A | CA12: 66229879608 | CB12: #N/A | CC12: #N/A | CD12: #N/A | CE12: #N/A | CF12: #N/A | CG12: 6504198448 | CH12: #N/A | CI12: #N/A | CJ12: 19692852464 | CK12: 5049058216 | CL12: 5699301192 | CM12: #N/A | CN12: #N/A | CO12: #N/A | CP12: 5031537632 | CQ12: 1804014928 | CR12: 11793781440 | CS12: 7934662872 | CT12: 45896273088 | CU12: 22799973936 | CV12: 807550160 | CW12: 14317079320 | CX12: #N/A | CY12: 66807752768 | CZ12: 5.0062079e+10 | DA12: 4047154880 | DB12: #N/A | DC12: 362463672 | DD12: #N/A | DE12: 1205743664 | DF12: #N/A | DG12: #N/A | DH12: 6137100312 | DI12: 3345603256 | DJ12: #N/A | DK12: 5638004760 | DL12: #N/A | DM12: #N/A | DN12: 12591064912 | DO12: #N/A | DP12: 4687374912 | DQ12: #N/A | DR12: #N/A | DS12: #N/A | DT12: 4326587384 | DU12: 9255392384 | DV12: 3989188968 | DW12: 3951516880 | DX12: #N/A | DY12: #N/A | DZ12: 15451569624 | EA12: 2594679896 | EB12: #N/A | EC12: 5601702256 | ED12: 11364773624 | EE12: 1522112600 | EF12: 1821311520 | EG12: 4613944192 | EH12: 2492143520 | EI12: #N/A | EJ12: #N/A | EK12: 439205744 | EL12: #N/A | EM12: #N/A | EN12: #N/A | EO12: #N/A | EP12: 5232788656 | EQ12: #N/A | ER12: #N/A | ES12: #N/A | ET12: #N/A | EU12: 3134714832 | EV12: 2199330504 | EW12: #N/A | EX12: 11550367448 | EY12: #N/A | EZ12: 25036022 | FA12: 1157035176 | FB12: 5258319832 | FC12: #N/A | FD12: 2049978704 | FE12: #N/A | FF12: 726699992 | FG12: #N/A | FH12: #N/A | FI12: 18960246400 | FJ12: 3136005592 | FK12: #N/A | FL12: 724508352 | FM12: #N/A | FN12: 18549521536 | FO12: 8349101704 | FP12: #N/A | FQ12: #N/A | FR12: #N/A | FS12: #N/A | FT12: #N/A | FU12: 1772986568 | FV12: #N/A | FW12: 956068480 | FX12: #N/A | FY12: #N/A | FZ12: #N/A | GA12: 1254783968 | GB12: #N/A | GC12: #N/A | GD12: 4713094944 | GE12: 1262327864 | GF12: 1849859216 | GG12: #N/A | GH12: 1354939840 | GI12: #N/A | GJ12: #N/A | GK12: 1020659200 | GL12: #N/A | GM12: 5622993968 | GN12: 5308956864 | GO12: #N/A | GP12: #N/A | GQ12: #N/A | GR12: #N/A | GS12: 7961645696 | GT12: #N/A | GU12: #N/A | GV12: #N/A | GW12: #N/A | GX12: #N/A | GY12: #N/A | GZ12: #N/A | HA12: #N/A | HB12: #N/A | HC12: #N/A | HD12: 978557728 | HE12: #N/A | HF12: #N/A | HG12: 9460394568 | HH12: #N/A | HI12: #N/A | HJ12: #N/A | HK12: 4042339064 | HL12: #N/A | HM12: #N/A | HN12: #N/A | HO12: 658755308 | HP12: #N/A | HQ12: 1712098888 | HR12: #N/A | HS12: #N/A | HT12: #N/A | HU12: 566460384 | HV12: #N/A | HW12: 1784135968 | HX12: #N/A | HY12: #N/A | HZ12: #N/A | IA12: #N/A | IB12: 516964112 | IC12: 681157312 | ID12: 3946722560 | IE12: 1793585328 | IF12: #N/A | IG12: #N/A | IH12: #N/A | II12: #N/A | IJ12: #N/A | IK12: 499764840 | IL12: 6951647424 | IM12: 315888109 | IN12: 856743446 | IO12: #N/A | IP12: 1759334200 | IQ12: #N/A | IR12: #N/A | IS12: #N/A | IT12: #N/A | IU12: 694639872 | IV12: 384105136 | IW12: #N/A | IX12: 1997764840 | IY12: #N/A | IZ12: #N/A | JA12: #N/A | JB12: 1045439048 | JC12: #N/A | JD12: #N/A | JE12: #N/A | JF12: #N/A | JG12: #N/A | JH12: 2162167352 | JI12: 8312500000 | JJ12: #N/A | JK12: #N/A | JL12: 3362842080 | JM12: 1658048416 | JN12: 679706144 | JO12: #N/A | JP12: 2984554128 | JQ12: 79794739 | JR12: 11512582144 | JS12: #N/A | JT12: #N/A | JU12: #N/A | JV12: #N/A | JW12: #N/A | JX12: 40671428 | JY12: #N/A | JZ12: #N/A | KA12: #N/A | KB12: #N/A | KC12: #N/A | KD12: #N/A | KE12: 883945816 | KF12: 1710027096 | KG12: #N/A | KH12: #N/A | KI12: #N/A
B13: 42125 | C13: 36960364080 | D13: 12447872480 | E13: #N/A | F13: 1636986288 | G13: 48138861560 | H13: #N/A | I13: 1802335032 | J13: #N/A | K13: #N/A | L13: #N/A | M13: #N/A | N13: #N/A | O13: #N/A | P13: #N/A | Q13: 1138532648 | R13: #N/A | S13: #N/A | T13: #N/A | U13: #N/A | V13: #N/A | W13: 11031718184 | X13: #N/A | Y13: 4713931664 | Z13: 1642708144 | AA13: #N/A | AB13: #N/A | AC13: #N/A | AD13: #N/A | AE13: #N/A | AF13: #N/A | AG13: 3150552984 | AH13: 15594939160 | AI13: #N/A | AJ13: #N/A | AK13: #N/A | AL13: 330028271488 | AM13: #N/A | AN13: #N/A | AO13: 5703871736 | AP13: 11746295608 | AQ13: 182683883328 | AR13: #N/A | AS13: 11555340992 | AT13: #N/A | AU13: 26967875328 | AV13: #N/A | AW13: 1865619344 | AX13: #N/A | AY13: #N/A | AZ13: #N/A | BA13: 9363155800 | BB13: 311037141952 | BC13: 330028271488 | BD13: 192775507264 | BE13: 209595582784 | BF13: 34439910080 | BG13: 85251866752 | BH13: 182683883328 | BI13: 1.1780652e+12 | BJ13: #N/A | BK13: 33211260192 | BL13: 48138861560 | BM13: 18975450112 | BN13: 3893663720 | BO13: #N/A | BP13: #N/A | BQ13: 64930394096 | BR13: 37043364112 | BS13: 19956940544 | BT13: 15488933184 | BU13: 26967875328 | BV13: 11746295608 | BW13: 11031718184 | BX13: 36960364080 | BY13: #N/A | BZ13: #N/A | CA13: 66030458680 | CB13: #N/A | CC13: #N/A | CD13: #N/A | CE13: #N/A | CF13: #N/A | CG13: 6622537008 | CH13: #N/A | CI13: #N/A | CJ13: 19926232560 | CK13: 5211076064 | CL13: 5775077448 | CM13: #N/A | CN13: #N/A | CO13: #N/A | CP13: 5703871736 | CQ13: 1859747128 | CR13: 11555340992 | CS13: 8095856856 | CT13: 43657174208 | CU13: 22764003632 | CV13: 805466272 | CW13: 15594939160 | CX13: #N/A | CY13: 70016870400 | CZ13: 5.4268319e+10 | DA13: 3838652352 | DB13: #N/A | DC13: 359894928 | DD13: #N/A | DE13: 1636986288 | DF13: #N/A | DG13: #N/A | DH13: 6244806280 | DI13: 3312933064 | DJ13: #N/A | DK13: 5241685408 | DL13: #N/A | DM13: #N/A | DN13: 13380839264 | DO13: #N/A | DP13: 5242740192 | DQ13: #N/A | DR13: #N/A | DS13: #N/A | DT13: 4538984536 | DU13: 10650812768 | DV13: 3984475040 | DW13: 3725172120 | DX13: #N/A | DY13: #N/A | DZ13: 17708452984 | EA13: 2541461080 | EB13: #N/A | EC13: 5147753840 | ED13: 11696479856 | EE13: 1300109832 | EF13: 1565520544 | EG13: 5154752928 | EH13: 2911598464 | EI13: #N/A | EJ13: #N/A | EK13: 408053616 | EL13: #N/A | EM13: #N/A | EN13: #N/A | EO13: #N/A | EP13: 5258428592 | EQ13: #N/A | ER13: #N/A | ES13: #N/A | ET13: #N/A | EU13: 2665743792 | EV13: 2089520584 | EW13: #N/A | EX13: 12447872480 | EY13: #N/A | EZ13: 57623434 | FA13: 1138532648 | FB13: 5229392088 | FC13: #N/A | FD13: 2010859856 | FE13: #N/A | FF13: 815940264 | FG13: #N/A | FH13: #N/A | FI13: 18229792848 | FJ13: 2973230296 | FK13: #N/A | FL13: 667537472 | FM13: #N/A | FN13: 17417546880 | FO13: 8974664536 | FP13: #N/A | FQ13: #N/A | FR13: #N/A | FS13: #N/A | FT13: #N/A | FU13: 1919820616 | FV13: #N/A | FW13: 1068490112 | FX13: #N/A | FY13: #N/A | FZ13: #N/A | GA13: 1273810656 | GB13: #N/A | GC13: #N/A | GD13: 4400657952 | GE13: 1341071544 | GF13: 1865619344 | GG13: #N/A | GH13: 1278705216 | GI13: #N/A | GJ13: #N/A | GK13: 989036192 | GL13: #N/A | GM13: 5117145648 | GN13: 5235333472 | GO13: #N/A | GP13: #N/A | GQ13: #N/A | GR13: #N/A | GS13: 7537775616 | GT13: #N/A | GU13: #N/A | GV13: #N/A | GW13: #N/A | GX13: #N/A | GY13: #N/A | GZ13: #N/A | HA13: #N/A | HB13: #N/A | HC13: #N/A | HD13: 968956672 | HE13: #N/A | HF13: 2329494624 | HG13: 10967729504 | HH13: #N/A | HI13: #N/A | HJ13: #N/A | HK13: 4128332560 | HL13: #N/A | HM13: #N/A | HN13: #N/A | HO13: 603983660 | HP13: #N/A | HQ13: 2021833928 | HR13: #N/A | HS13: #N/A | HT13: #N/A | HU13: 539657696 | HV13: #N/A | HW13: 2594323616 | HX13: #N/A | HY13: #N/A | HZ13: #N/A | IA13: #N/A | IB13: 515598752 | IC13: 676270528 | ID13: 4183498304 | IE13: 1519722624 | IF13: #N/A | IG13: #N/A | IH13: #N/A | II13: #N/A | IJ13: #N/A | IK13: 610669288 | IL13: 6930260672 | IM13: 233234925 | IN13: 850837654 | IO13: #N/A | IP13: 1656162616 | IQ13: #N/A | IR13: #N/A | IS13: #N/A | IT13: #N/A | IU13: 617881824 | IV13: 403471760 | IW13: #N/A | IX13: 1958356072 | IY13: #N/A | IZ13: #N/A | JA13: #N/A | JB13: 1060940680 | JC13: #N/A | JD13: #N/A | JE13: #N/A | JF13: #N/A | JG13: #N/A | JH13: 1738083384 | JI13: 8424930592 | JJ13: #N/A | JK13: #N/A | JL13: 2940623840 | JM13: 1580067104 | JN13: 635438880 | JO13: #N/A | JP13: 2625747048 | JQ13: 76958395 | JR13: 11342282752 | JS13: #N/A | JT13: #N/A | JU13: #N/A | JV13: #N/A | JW13: #N/A | JX13: 34102920 | JY13: #N/A | JZ13: #N/A | KA13: #N/A | KB13: #N/A | KC13: #N/A | KD13: #N/A | KE13: 801182904 | KF13: 1905445464 | KG13: #N/A | KH13: #N/A | KI13: #N/A
B14: 42156 | C14: 38681290288 | D14: 12527482336 | E14: #N/A | F14: 1561074224 | G14: 47107851512 | H14: #N/A | I14: 1604450016 | J14: #N/A | K14: #N/A | L14: #N/A | M14: #N/A | N14: #N/A | O14: #N/A | P14: #N/A | Q14: 1522421808 | R14: #N/A | S14: #N/A | T14: #N/A | U14: #N/A | V14: #N/A | W14: 11345896744 | X14: #N/A | Y14: 5038205328 | Z14: 1229205136 | AA14: #N/A | AB14: #N/A | AC14: 2090108760 | AD14: #N/A | AE14: #N/A | AF14: #N/A | AG14: 3049272224 | AH14: 13562851696 | AI14: #N/A | AJ14: #N/A | AK14: #N/A | AL14: 318500620160 | AM14: #N/A | AN14: #N/A | AO14: 5954824952 | AP14: 13514525584 | AQ14: 180150982464 | AR14: #N/A | AS14: 10858205248 | AT14: #N/A | AU14: 27750300096 | AV14: #N/A | AW14: 2019232552 | AX14: #N/A | AY14: #N/A | AZ14: #N/A | BA14: 8652439808 | BB14: 308985340864 | BC14: 318500620160 | BD14: 196524248384 | BE14: 213246282048 | BF14: 40010817920 | BG14: 91777147008 | BH14: 180150982464 | BI14: 1.3113824e+12 | BJ14: #N/A | BK14: 37211790624 | BL14: 47107851512 | BM14: 19107122176 | BN14: 4204128928 | BO14: #N/A | BP14: #N/A | BQ14: 61144626632 | BR14: 37217413088 | BS14: 20296836864 | BT14: 20499207616 | BU14: 27750300096 | BV14: 13514525584 | BW14: 11345896744 | BX14: 38681290288 | BY14: #N/A | BZ14: #N/A | CA14: 67073359616 | CB14: #N/A | CC14: #N/A | CD14: #N/A | CE14: #N/A | CF14: #N/A | CG14: 6956510080 | CH14: #N/A | CI14: #N/A | CJ14: 21261619832 | CK14: 5459848160 | CL14: 6034867784 | CM14: #N/A | CN14: #N/A | CO14: #N/A | CP14: 5954824952 | CQ14: 1921797048 | CR14: 10858205248 | CS14: 9607979056 | CT14: 45475757248 | CU14: 23092437264 | CV14: 870526944 | CW14: 13562851696 | CX14: #N/A | CY14: 73983264768 | CZ14: 6.953508e+10 | DA14: 3999358696 | DB14: #N/A | DC14: 371860304 | DD14: #N/A | DE14: 1561074224 | DF14: #N/A | DG14: #N/A | DH14: 6561309320 | DI14: 3299270344 | DJ14: #N/A | DK14: 5456957344 | DL14: #N/A | DM14: 1330181336 | DN14: 14115597152 | DO14: #N/A | DP14: 5657465312 | DQ14: #N/A | DR14: #N/A | DS14: #N/A | DT14: 3788878936 | DU14: 10262881632 | DV14: 3873011104 | DW14: 4013236120 | DX14: #N/A | DY14: #N/A | DZ14: 19749543032 | EA14: 2539489848 | EB14: #N/A | EC14: 5257069424 | ED14: 11830654576 | EE14: 1601611272 | EF14: 1681860000 | EG14: 4918133152 | EH14: 2616215936 | EI14: #N/A | EJ14: #N/A | EK14: 436313792 | EL14: #N/A | EM14: #N/A | EN14: #N/A | EO14: #N/A | EP14: 4997070104 | EQ14: #N/A | ER14: #N/A | ES14: #N/A | ET14: #N/A | EU14: 3201313456 | EV14: 2126210728 | EW14: #N/A | EX14: 12527482336 | EY14: #N/A | EZ14: 45403154 | FA14: 1522421808 | FB14: 5428026784 | FC14: #N/A | FD14: 2412555632 | FE14: #N/A | FF14: 935516520 | FG14: #N/A | FH14: #N/A | FI14: 19533371472 | FJ14: 2830801880 | FK14: #N/A | FL14: 624501760 | FM14: #N/A | FN14: 18418189904 | FO14: 8732652888 | FP14: #N/A | FQ14: #N/A | FR14: #N/A | FS14: #N/A | FT14: #N/A | FU14: 2196629504 | FV14: #N/A | FW14: 1100605448 | FX14: #N/A | FY14: #N/A | FZ14: #N/A | GA14: 1251577680 | GB14: #N/A | GC14: #N/A | GD14: 4293867000 | GE14: 1355924152 | GF14: 2019232552 | GG14: #N/A | GH14: 1555108744 | GI14: #N/A | GJ14: #N/A | GK14: 968402912 | GL14: #N/A | GM14: 4872117280 | GN14: 5189077856 | GO14: #N/A | GP14: #N/A | GQ14: #N/A | GR14: #N/A | GS14: 8023609856 | GT14: #N/A | GU14: #N/A | GV14: #N/A | GW14: #N/A | GX14: #N/A | GY14: #N/A | GZ14: #N/A | HA14: #N/A | HB14: #N/A | HC14: #N/A | HD14: 886514856 | HE14: #N/A | HF14: 1788128720 | HG14: 9767459680 | HH14: #N/A | HI14: #N/A | HJ14: #N/A | HK14: 4249406736 | HL14: #N/A | HM14: #N/A | HN14: #N/A | HO14: 724523844 | HP14: #N/A | HQ14: 2593317064 | HR14: #N/A | HS14: #N/A | HT14: #N/A | HU14: 558059088 | HV14: #N/A | HW14: 2791518512 | HX14: #N/A | HY14: #N/A | HZ14: #N/A | IA14: #N/A | IB14: 423133504 | IC14: 801170912 | ID14: 4222650432 | IE14: 1662838400 | IF14: #N/A | IG14: #N/A | IH14: #N/A | II14: #N/A | IJ14: #N/A | IK14: 376694936 | IL14: 6823783904 | IM14: 265958892 | IN14: 1071415321 | IO14: #N/A | IP14: 1740269904 | IQ14: #N/A | IR14: #N/A | IS14: #N/A | IT14: #N/A | IU14: 626286560 | IV14: 389310296 | IW14: #N/A | IX14: 2768394128 | IY14: #N/A | IZ14: #N/A | JA14: #N/A | JB14: 987897816 | JC14: #N/A | JD14: #N/A | JE14: #N/A | JF14: #N/A | JG14: #N/A | JH14: 2141686064 | JI14: 2231833824 | JJ14: #N/A | JK14: #N/A | JL14: 2977287240 | JM14: 1621698232 | JN14: 823291880 | JO14: #N/A | JP14: 3197856616 | JQ14: 79890387 | JR14: 10667911680 | JS14: #N/A | JT14: #N/A | JU14: #N/A | JV14: #N/A | JW14: #N/A | JX14: 35722328 | JY14: #N/A | JZ14: #N/A | KA14: #N/A | KB14: #N/A | KC14: #N/A | KD14: #N/A | KE14: 834113720 | KF14: 2072156304 | KG14: #N/A | KH14: #N/A | KI14: #N/A
B15: 42186 | C15: 38773035200 | D15: 11659687392 | E15: 512084752 | F15: 1683475120 | G15: 45428491512 | H15: #N/A | I15: 1779669856 | J15: #N/A | K15: #N/A | L15: #N/A | M15: #N/A | N15: #N/A | O15: #N/A | P15: #N/A | Q15: 1490002224 | R15: #N/A | S15: #N/A | T15: #N/A | U15: #N/A | V15: #N/A | W15: 11072133416 | X15: #N/A | Y15: 5006008720 | Z15: 1216641424 | AA15: #N/A | AB15: #N/A | AC15: 2594270680 | AD15: #N/A | AE15: #N/A | AF15: #N/A | AG15: 3294546848 | AH15: 13073354096 | AI15: #N/A | AJ15: #N/A | AK15: #N/A | AL15: 295971178368 | AM15: #N/A | AN15: #N/A | AO15: 6195604216 | AP15: 13986366352 | AQ15: 162508750912 | AR15: #N/A | AS15: 9946458176 | AT15: #N/A | AU15: 26428469696 | AV15: #N/A | AW15: 2003472424 | AX15: #N/A | AY15: #N/A | AZ15: #N/A | BA15: 7587200256 | BB15: 302656496576 | BC15: 295971178368 | BD15: 199537200448 | BE15: 231836813632 | BF15: 37583376768 | BG15: 98269134976 | BH15: 162508750912 | BI15: 1.20885e+12 | BJ15: #N/A | BK15: 39177800992 | BL15: 45428491512 | BM15: 19184352256 | BN15: 5004465824 | BO15: #N/A | BP15: #N/A | BQ15: 60299163080 | BR15: 35537911776 | BS15: 18952835840 | BT15: 23161088448 | BU15: 26428469696 | BV15: 13986366352 | BW15: 11072133416 | BX15: 38773035200 | BY15: #N/A | BZ15: #N/A | CA15: 67144064768 | CB15: #N/A | CC15: #N/A | CD15: #N/A | CE15: #N/A | CF15: #N/A | CG15: 7006137728 | CH15: #N/A | CI15: #N/A | CJ15: 21219007352 | CK15: 5366192608 | CL15: 5879449160 | CM15: #N/A | CN15: #N/A | CO15: #N/A | CP15: 6195604216 | CQ15: 1779490104 | CR15: 9946458176 | CS15: 8458362928 | CT15: 46954061504 | CU15: 22874500112 | CV15: 885857312 | CW15: 13073354096 | CX15: #N/A | CY15: 71389620224 | CZ15: 6.2949397e+10 | DA15: 4032290792 | DB15: #N/A | DC15: 464591824 | DD15: #N/A | DE15: 1683475120 | DF15: #N/A | DG15: #N/A | DH15: 6347619464 | DI15: 3404535240 | DJ15: #N/A | DK15: 5861553056 | DL15: #N/A | DM15: 2054829960 | DN15: 14082430816 | DO15: #N/A | DP15: 6245852128 | DQ15: #N/A | DR15: #N/A | DS15: #N/A | DT15: 3399710808 | DU15: 9798748512 | DV15: 3664507552 | DW15: 4224221848 | DX15: #N/A | DY15: #N/A | DZ15: 18813148280 | EA15: 2708152504 | EB15: #N/A | EC15: 5228946464 | ED15: 11009068656 | EE15: 1367175048 | EF15: 1738610976 | EG15: 4704070816 | EH15: 2552203008 | EI15: #N/A | EJ15: #N/A | EK15: 451901440 | EL15: #N/A | EM15: #N/A | EN15: #N/A | EO15: #N/A | EP15: 4776342296 | EQ15: #N/A | ER15: #N/A | ES15: #N/A | ET15: #N/A | EU15: 3703570096 | EV15: 2892182952 | EW15: #N/A | EX15: 11659687392 | EY15: #N/A | EZ15: 53782930 | FA15: 1490002224 | FB15: 5614424480 | FC15: #N/A | FD15: 2587742448 | FE15: #N/A | FF15: 945317800 | FG15: #N/A | FH15: #N/A | FI15: 21569646672 | FJ15: 3203885784 | FK15: #N/A | FL15: 601775712 | FM15: #N/A | FN15: 18746725968 | FO15: 8358879576 | FP15: #N/A | FQ15: #N/A | FR15: #N/A | FS15: #N/A | FT15: #N/A | FU15: 2784572160 | FV15: #N/A | FW15: 1131604936 | FX15: #N/A | FY15: #N/A | FZ15: 929585328 | GA15: 1198523216 | GB15: #N/A | GC15: #N/A | GD15: 4414301944 | GE15: 1700787320 | GF15: 2003472424 | GG15: #N/A | GH15: 1707994888 | GI15: #N/A | GJ15: #N/A | GK15: 958398880 | GL15: #N/A | GM15: 4237348384 | GN15: 5296044384 | GO15: #N/A | GP15: #N/A | GQ15: #N/A | GR15: #N/A | GS15: 7791562752 | GT15: #N/A | GU15: #N/A | GV15: #N/A | GW15: #N/A | GX15: #N/A | GY15: #N/A | GZ15: #N/A | HA15: #N/A | HB15: #N/A | HC15: #N/A | HD15: 898467592 | HE15: #N/A | HF15: 1560088144 | HG15: 8190874976 | HH15: #N/A | HI15: #N/A | HJ15: #N/A | HK15: 4369364496 | HL15: #N/A | HM15: #N/A | HN15: #N/A | HO15: 738701444 | HP15: #N/A | HQ15: 2400883656 | HR15: #N/A | HS15: #N/A | HT15: #N/A | HU15: 597154960 | HV15: #N/A | HW15: 2115456048 | HX15: #N/A | HY15: #N/A | HZ15: #N/A | IA15: #N/A | IB15: 385533504 | IC15: 904927648 | ID15: 4028520256 | IE15: 1560249216 | IF15: #N/A | IG15: #N/A | IH15: #N/A | II15: #N/A | IJ15: #N/A | IK15: 441294712 | IL15: 6937193952 | IM15: 282360844 | IN15: 1093790361 | IO15: #N/A | IP15: 1770637264 | IQ15: #N/A | IR15: #N/A | IS15: #N/A | IT15: #N/A | IU15: 703799264 | IV15: 392480888 | IW15: #N/A | IX15: 3386278032 | IY15: #N/A | IZ15: #N/A | JA15: #N/A | JB15: 1044405336 | JC15: #N/A | JD15: #N/A | JE15: #N/A | JF15: #N/A | JG15: #N/A | JH15: 2311660464 | JI15: 2055850208 | JJ15: #N/A | JK15: #N/A | JL15: 3254060360 | JM15: 1750047928 | JN15: 1018372136 | JO15: #N/A | JP15: 2826172520 | JQ15: 83500283 | JR15: 12158975488 | JS15: #N/A | JT15: #N/A | JU15: #N/A | JV15: #N/A | JW15: #N/A | JX15: 53242368 | JY15: #N/A | JZ15: #N/A | KA15: #N/A | KB15: #N/A | KC15: #N/A | KD15: #N/A | KE15: 796329912 | KF15: 2000243344 | KG15: #N/A | KH15: #N/A | KI15: #N/A
B16: 42217 | C16: 39293071552 | D16: 12786770088 | E16: 553038032 | F16: 1368357048 | G16: 47239050488 | H16: #N/A | I16: 1680264032 | J16: #N/A | K16: #N/A | L16: #N/A | M16: #N/A | N16: #N/A | O16: #N/A | P16: #N/A | Q16: 1648791856 | R16: #N/A | S16: #N/A | T16: #N/A | U16: #N/A | V16: #N/A | W16: 12117387352 | X16: #N/A | Y16: 4529079480 | Z16: 1112057488 | AA16: #N/A | AB16: #N/A | AC16: 2625599544 | AD16: #N/A | AE16: #N/A | AF16: #N/A | AG16: 3118011296 | AH16: 14683483504 | AI16: #N/A | AJ16: #N/A | AK16: #N/A | AL16: 312271720320 | AM16: #N/A | AN16: #N/A | AO16: 7221911624 | AP16: 14797030288 | AQ16: 161207926848 | AR16: #N/A | AS16: 9990850624 | AT16: #N/A | AU16: 27572494784 | AV16: #N/A | AW16: 1858712360 | AX16: #N/A | AY16: #N/A | AZ16: #N/A | BA16: 7345100032 | BB16: 374399856960 | BC16: 312271720320 | BD16: 246270821632 | BE16: 250901457408 | BF16: 34892575104 | BG16: 97486361728 | BH16: 161207926848 | BI16: 1.1466335e+12 | BJ16: #N/A | BK16: 48112145424 | BL16: 47239050488 | BM16: 18826374304 | BN16: 5179435680 | BO16: #N/A | BP16: #N/A | BQ16: 65131390408 | BR16: 36596803552 | BS16: 15122869184 | BT16: 17998103936 | BU16: 27572494784 | BV16: 14797030288 | BW16: 12117387352 | BX16: 39293071552 | BY16: #N/A | BZ16: #N/A | CA16: 67528526592 | CB16: #N/A | CC16: #N/A | CD16: #N/A | CE16: #N/A | CF16: #N/A | CG16: 7099190144 | CH16: #N/A | CI16: #N/A | CJ16: 20970150520 | CK16: 5714560720 | CL16: 5650411080 | CM16: #N/A | CN16: #N/A | CO16: #N/A | CP16: 7221911624 | CQ16: 1813046256 | CR16: 9990850624 | CS16: 9289390128 | CT16: 49818828480 | CU16: 22929513488 | CV16: 1034040664 | CW16: 14683483504 | CX16: #N/A | CY16: 31324576512 | CZ16: 6.3563196e+10 | DA16: 3734823400 | DB16: #N/A | DC16: 570656216 | DD16: 42859067264 | DE16: 1368357048 | DF16: #N/A | DG16: #N/A | DH16: 6071435400 | DI16: 3377628760 | DJ16: #N/A | DK16: 5895189408 | DL16: #N/A | DM16: 1990469512 | DN16: 15392979992 | DO16: #N/A | DP16: 6632823264 | DQ16: #N/A | DR16: #N/A | DS16: #N/A | DT16: 3224283224 | DU16: 8234863392 | DV16: 2967529376 | DW16: 3929153360 | DX16: #N/A | DY16: #N/A | DZ16: 18782710904 | EA16: 2549465528 | EB16: #N/A | EC16: 5447648032 | ED16: 10997018096 | EE16: 1197964936 | EF16: 1958237088 | EG16: 3726951488 | EH16: 2429264736 | EI16: #N/A | EJ16: #N/A | EK16: 445170368 | EL16: #N/A | EM16: #N/A | EN16: #N/A | EO16: #N/A | EP16: 4385959704 | EQ16: #N/A | ER16: #N/A | ES16: #N/A | ET16: #N/A | EU16: 3919800160 | EV16: 2836217768 | EW16: #N/A | EX16: 12786770088 | EY16: #N/A | EZ16: 53986930 | FA16: 1648791856 | FB16: 5637724064 | FC16: #N/A | FD16: 2675676656 | FE16: #N/A | FF16: 1527634536 | FG16: #N/A | FH16: #N/A | FI16: 23099261008 | FJ16: 3615888344 | FK16: #N/A | FL16: 582017664 | FM16: #N/A | FN16: 20178040400 | FO16: 7660515040 | FP16: #N/A | FQ16: #N/A | FR16: #N/A | FS16: #N/A | FT16: #N/A | FU16: 2891470592 | FV16: #N/A | FW16: 1048939656 | FX16: #N/A | FY16: #N/A | FZ16: 1109360944 | GA16: 1162792784 | GB16: #N/A | GC16: #N/A | GD16: 4534737144 | GE16: 1794379512 | GF16: 1858712360 | GG16: #N/A | GH16: 1725207304 | GI16: #N/A | GJ16: #N/A | GK16: 947744544 | GL16: #N/A | GM16: 3961361952 | GN16: 5475395168 | GO16: #N/A | GP16: #N/A | GQ16: #N/A | GR16: #N/A | GS16: 8910888640 | GT16: #N/A | GU16: #N/A | GV16: #N/A | GW16: #N/A | GX16: #N/A | GY16: #N/A | GZ16: #N/A | HA16: #N/A | HB16: #N/A | HC16: #N/A | HD16: 898467592 | HE16: #N/A | HF16: 2323576784 | HG16: 7480684008 | HH16: #N/A | HI16: #N/A | HJ16: #N/A | HK16: 4520857872 | HL16: #N/A | HM16: #N/A | HN16: #N/A | HO16: 778702404 | HP16: #N/A | HQ16: 2419873200 | HR16: #N/A | HS16: #N/A | HT16: #N/A | HU16: 566212752 | HV16: #N/A | HW16: 2405818416 | HX16: #N/A | HY16: #N/A | HZ16: #N/A | IA16: #N/A | IB16: 395509024 | IC16: 891911584 | ID16: 3635791936 | IE16: 1539221632 | IF16: #N/A | IG16: #N/A | IH16: #N/A | II16: #N/A | IJ16: #N/A | IK16: 403528696 | IL16: 7090296800 | IM16: 337307468 | IN16: 1071117465 | IO16: #N/A | IP16: 1560154320 | IQ16: #N/A | IR16: #N/A | IS16: #N/A | IT16: #N/A | IU16: 762305464 | IV16: 331894472 | IW16: #N/A | IX16: 4325524880 | IY16: #N/A | IZ16: #N/A | JA16: #N/A | JB16: 922565400 | JC16: #N/A | JD16: #N/A | JE16: #N/A | JF16: #N/A | JG16: #N/A | JH16: 1785354288 | JI16: 2041385696 | JJ16: #N/A | JK16: #N/A | JL16: 3859473536 | JM16: 1798812984 | JN16: 1085091112 | JO16: #N/A | JP16: 1626611944 | JQ16: 88657267 | JR16: 10980369792 | JS16: #N/A | JT16: #N/A | JU16: #N/A | JV16: #N/A | JW16: #N/A | JX16: 53952640 | JY16: #N/A | JZ16: #N/A | KA16: #N/A | KB16: #N/A | KC16: #N/A | KD16: #N/A | KE16: 863560008 | KF16: 1733138448 | KG16: #N/A | KH16: #N/A | KI16: #N/A
B17: 42248 | C17: 36307202240 | D17: 11667989672 | E17: 449888488 | F17: 1125782200 | G17: 43706060784 | H17: #N/A | I17: 1307308400 | J17: #N/A | K17: #N/A | L17: #N/A | M17: #N/A | N17: #N/A | O17: #N/A | P17: #N/A | Q17: 1421330160 | R17: #N/A | S17: #N/A | T17: #N/A | U17: #N/A | V17: #N/A | W17: 10494899288 | X17: #N/A | Y17: 4035824312 | Z17: 792322576 | AA17: #N/A | AB17: #N/A | AC17: 1814929720 | AD17: #N/A | AE17: #N/A | AF17: #N/A | AG17: 2814765672 | AH17: 11887548984 | AI17: #N/A | AJ17: #N/A | AK17: #N/A | AL17: 273241558912 | AM17: #N/A | AN17: #N/A | AO17: 6120220744 | AP17: 12790867856 | AQ17: 144167141440 | AR17: #N/A | AS17: 8823595072 | AT17: #N/A | AU17: 22124485312 | AV17: #N/A | AW17: 2185502920 | AX17: #N/A | AY17: #N/A | AZ17: #N/A | BA17: 8526840448 | BB17: 355290378560 | BC17: 273241558912 | BD17: 227744826624 | BE17: 231798499840 | BF17: 33610934720 | BG17: 92265133184 | BH17: 144167141440 | BI17: 9.4689395e+11 | BJ17: #N/A | BK17: 44496573456 | BL17: 43706060784 | BM17: 16974934176 | BN17: 4342769096 | BO17: #N/A | BP17: #N/A | BQ17: 63832576848 | BR17: 34812277152 | BS17: 14890085312 | BT17: 21865235584 | BU17: 22124485312 | BV17: 12790867856 | BW17: 10494899288 | BX17: 36307202240 | BY17: #N/A | BZ17: #N/A | CA17: 68574947672 | CB17: #N/A | CC17: #N/A | CD17: #N/A | CE17: #N/A | CF17: #N/A | CG17: 6207020488 | CH17: #N/A | CI17: #N/A | CJ17: 4224671512 | CK17: 5350335696 | CL17: 4743252704 | CM17: #N/A | CN17: #N/A | CO17: #N/A | CP17: 6120220744 | CQ17: 1619142640 | CR17: 8823595072 | CS17: 6887021056 | CT17: 45485874880 | CU17: 21233865448 | CV17: 1028783704 | CW17: 11887548984 | CX17: #N/A | CY17: 29326680832 | CZ17: 6.2328529e+10 | DA17: 3472636320 | DB17: #N/A | DC17: 525306648 | DD17: 36850702208 | DE17: 1125782200 | DF17: #N/A | DG17: #N/A | DH17: 5798026312 | DI17: 3117004632 | DJ17: #N/A | DK17: 5068513480 | DL17: #N/A | DM17: 1184973896 | DN17: 13962823704 | DO17: #N/A | DP17: 6938761344 | DQ17: #N/A | DR17: #N/A | DS17: #N/A | DT17: 3293187040 | DU17: 8345010464 | DV17: 2744994664 | DW17: 3592174928 | DX17: #N/A | DY17: #N/A | DZ17: 20809646464 | EA17: 2467244568 | EB17: #N/A | EC17: 5331060600 | ED17: 10358601200 | EE17: 1169897648 | EF17: 1650883432 | EG17: 3427716800 | EH17: 2395884640 | EI17: #N/A | EJ17: #N/A | EK17: 482483264 | EL17: #N/A | EM17: #N/A | EN17: #N/A | EO17: #N/A | EP17: 3980828200 | EQ17: #N/A | ER17: #N/A | ES17: #N/A | ET17: #N/A | EU17: 3656169568 | EV17: 2766853352 | EW17: #N/A | EX17: 11667989672 | EY17: #N/A | EZ17: 40114930 | FA17: 1421330160 | FB17: 4897969088 | FC17: #N/A | FD17: 2841377200 | FE17: #N/A | FF17: 1557042080 | FG17: #N/A | FH17: #N/A | FI17: 20057099448 | FJ17: 3283128008 | FK17: #N/A | FL17: 505559904 | FM17: #N/A | FN17: 18412074856 | FO17: 7095034592 | FP17: #N/A | FQ17: #N/A | FR17: #N/A | FS17: #N/A | FT17: #N/A | FU17: 2032605848 | FV17: #N/A | FW17: 1071617624 | FX17: #N/A | FY17: #N/A | FZ17: 861029096 | GA17: 1030605944 | GB17: 2285658664 | GC17: #N/A | GD17: 4074672472 | GE17: 1541396984 | GF17: 2185502920 | GG17: #N/A | GH17: 1546119920 | GI17: #N/A | GJ17: #N/A | GK17: 866490720 | GL17: #N/A | GM17: 3283011608 | GN17: 4981778016 | GO17: #N/A | GP17: #N/A | GQ17: #N/A | GR17: #N/A | GS17: 9076697664 | GT17: #N/A | GU17: #N/A | GV17: #N/A | GW17: #N/A | GX17: #N/A | GY17: #N/A | GZ17: #N/A | HA17: #N/A | HB17: #N/A | HC17: #N/A | HD17: 907430048 | HE17: #N/A | HF17: 1294569080 | HG17: 6960844776 | HH17: #N/A | HI17: #N/A | HJ17: #N/A | HK17: 4507310968 | HL17: #N/A | HM17: #N/A | HN17: #N/A | HO17: 526710900 | HP17: #N/A | HQ17: 2301538480 | HR17: #N/A | HS17: #N/A | HT17: #N/A | HU17: 545397920 | HV17: #N/A | HW17: 1688051392 | HX17: #N/A | HY17: #N/A | HZ17: #N/A | IA17: #N/A | IB17: 336766576 | IC17: 842155472 | ID17: 3356905280 | IE17: 1263708664 | IF17: #N/A | IG17: #N/A | IH17: #N/A | II17: #N/A | IJ17: #N/A | IK17: 383054016 | IL17: 6690067968 | IM17: 238491451 | IN17: 898379952 | IO17: #N/A | IP17: 1297285728 | IQ17: #N/A | IR17: #N/A | IS17: #N/A | IT17: #N/A | IU17: 704020280 | IV17: 338133320 | IW17: #N/A | IX17: 3970737464 | IY17: #N/A | IZ17: #N/A | JA17: #N/A | JB17: 797118536 | JC17: #N/A | JD17: #N/A | JE17: #N/A | JF17: #N/A | JG17: #N/A | JH17: 1578235664 | JI17: 1912164448 | JJ17: #N/A | JK17: #N/A | JL17: 3571826816 | JM17: 1640423992 | JN17: 757380856 | JO17: #N/A | JP17: 1392783224 | JQ17: 65260527 | JR17: 9367931264 | JS17: #N/A | JT17: #N/A | JU17: #N/A | JV17: #N/A | JW17: #N/A | JX17: 61702120 | JY17: #N/A | JZ17: #N/A | KA17: #N/A | KB17: #N/A | KC17: #N/A | KD17: #N/A | KE17: 732415816 | KF17: 1520823224 | KG17: #N/A | KH17: #N/A | KI17: #N/A
B18: 42278 | C18: 40011805544 | D18: 11405454504 | E18: 508558760 | F18: 1111234232 | G18: 47850860528 | H18: #N/A | I18: 1335167344 | J18: #N/A | K18: #N/A | L18: #N/A | M18: #N/A | N18: #N/A | O18: #N/A | P18: #N/A | Q18: 1434494448 | R18: #N/A | S18: #N/A | T18: #N/A | U18: #N/A | V18: #N/A | W18: 10910125144 | X18: #N/A | Y18: 3934214072 | Z18: 850957648 | AA18: #N/A | AB18: #N/A | AC18: 2649859896 | AD18: #N/A | AE18: #N/A | AF18: #N/A | AG18: 2660508776 | AH18: 12458259000 | AI18: #N/A | AJ18: #N/A | AK18: #N/A | AL18: 295555944320 | AM18: #N/A | AN18: #N/A | AO18: 6493331016 | AP18: 13751889664 | AQ18: 141111140928 | AR18: #N/A | AS18: 8292027456 | AT18: #N/A | AU18: 23444466368 | AV18: #N/A | AW18: 2110305608 | AX18: #N/A | AY18: #N/A | AZ18: #N/A | BA18: 9933630080 | BB18: 364210385216 | BC18: 295555944320 | BD18: 239054062848 | BE18: 242279770624 | BF18: 36317491648 | BG18: 98229081216 | BH18: 141111140928 | BI18: 8.5007036e+11 | BJ18: #N/A | BK18: 44577203216 | BL18: 47850860528 | BM18: 16866732192 | BN18: 3607164616 | BO18: #N/A | BP18: #N/A | BQ18: 65440826192 | BR18: 36680786336 | BS18: 14419226048 | BT18: 22781713536 | BU18: 23444466368 | BV18: 13751889664 | BW18: 10910125144 | BX18: 40011805544 | BY18: #N/A | BZ18: #N/A | CA18: 67962408792 | CB18: #N/A | CC18: #N/A | CD18: #N/A | CE18: #N/A | CF18: #N/A | CG18: 6325540296 | CH18: #N/A | CI18: #N/A | CJ18: 4100730392 | CK18: 5583439568 | CL18: 5024722656 | CM18: #N/A | CN18: #N/A | CO18: #N/A | CP18: 6493331016 | CQ18: 1765667696 | CR18: 8292027456 | CS18: 5342794752 | CT18: 46385797184 | CU18: 21405259752 | CV18: 1027657176 | CW18: 12458259000 | CX18: #N/A | CY18: 27414063872 | CZ18: 6.0701472e+10 | DA18: 3459428000 | DB18: #N/A | DC18: 490370648 | DD18: 34059798400 | DE18: 1111234232 | DF18: #N/A | DG18: #N/A | DH18: 5818262600 | DI18: 3198897240 | DJ18: #N/A | DK18: 5067560904 | DL18: #N/A | DM18: 1110770056 | DN18: 15196696600 | DO18: #N/A | DP18: 6767386752 | DQ18: #N/A | DR18: #N/A | DS18: #N/A | DT18: 2831052768 | DU18: 7562504992 | DV18: 2664346984 | DW18: 3350567504 | DX18: #N/A | DY18: #N/A | DZ18: 21316802944 | EA18: 2479220504 | EB18: #N/A | EC18: 5151698808 | ED18: 10848717296 | EE18: 1263669552 | EF18: 1535386472 | EG18: 2972312256 | EH18: 2015408480 | EI18: #N/A | EJ18: #N/A | EK18: 434638336 | EL18: #N/A | EM18: #N/A | EN18: #N/A | EO18: #N/A | EP18: 4313334824 | EQ18: #N/A | ER18: #N/A | ES18: 1342825904 | ET18: #N/A | EU18: 3132343136 | EV18: 2716567784 | EW18: #N/A | EX18: 11405454504 | EY18: #N/A | EZ18: 43582930 | FA18: 1434494448 | FB18: 4955467200 | FC18: #N/A | FD18: 2858108336 | FE18: #N/A | FF18: 1586348064 | FG18: #N/A | FH18: #N/A | FI18: 17666462904 | FJ18: 3168997576 | FK18: #N/A | FL18: 481035712 | FM18: #N/A | FN18: 18730597224 | FO18: 6784286944 | FP18: #N/A | FQ18: #N/A | FR18: #N/A | FS18: #N/A | FT18: #N/A | FU18: 1649290520 | FV18: #N/A | FW18: 1038028504 | FX18: #N/A | FY18: #N/A | FZ18: 781287592 | GA18: 996983032 | GB18: 2077406720 | GC18: #N/A | GD18: 4005551448 | GE18: 1508223760 | GF18: 2110305608 | GG18: #N/A | GH18: 1428673392 | GI18: #N/A | GJ18: #N/A | GK18: 854615136 | GL18: #N/A | GM18: 3431983640 | GN18: 4785102432 | GO18: #N/A | GP18: #N/A | GQ18: #N/A | GR18: #N/A | GS18: 9768056384 | GT18: #N/A | GU18: #N/A | GV18: #N/A | GW18: #N/A | GX18: #N/A | GY18: #N/A | GZ18: #N/A | HA18: #N/A | HB18: #N/A | HC18: #N/A | HD18: 878971600 | HE18: #N/A | HF18: 1304639736 | HG18: 5790634088 | HH18: #N/A | HI18: #N/A | HJ18: #N/A | HK18: 4720320376 | HL18: #N/A | HM18: #N/A | HN18: #N/A | HO18: 445262644 | HP18: #N/A | HQ18: 2427425408 | HR18: #N/A | HS18: #N/A | HT18: #N/A | HU18: 494270240 | HV18: #N/A | HW18: 1648176448 | HX18: #N/A | HY18: #N/A | HZ18: #N/A | IA18: #N/A | IB18: 326041360 | IC18: 819530448 | ID18: 3201433920 | IE18: 1337383800 | IF18: #N/A | IG18: #N/A | IH18: #N/A | II18: #N/A | IJ18: #N/A | IK18: 270415520 | IL18: 6610673664 | IM18: 173381195 | IN18: 690695472 | IO18: #N/A | IP18: 1070633568 | IQ18: #N/A | IR18: #N/A | IS18: #N/A | IT18: #N/A | IU18: 668544184 | IV18: 305345048 | IW18: #N/A | IX18: 3502688568 | IY18: #N/A | IZ18: #N/A | JA18: #N/A | JB18: 763361800 | JC18: #N/A | JD18: #N/A | JE18: #N/A | JF18: #N/A | JG18: #N/A | JH18: 1319622800 | JI18: 1769930976 | JJ18: #N/A | JK18: #N/A | JL18: 3948620160 | JM18: 1540911152 | JN18: 785944184 | JO18: #N/A | JP18: 1202393592 | JQ18: 60748159 | JR18: 8782900608 | JS18: #N/A | JT18: #N/A | JU18: #N/A | JV18: #N/A | JW18: #N/A | JX18: 29011740 | JY18: #N/A | JZ18: #N/A | KA18: #N/A | KB18: #N/A | KC18: #N/A | KD18: #N/A | KE18: 720844296 | KF18: 1457323192 | KG18: #N/A | KH18: #N/A | KI18: #N/A
B19: 42309 | C19: 42460910440 | D19: 9976652896 | E19: 526662696 | F19: 1174814648 | G19: 51018862576 | H19: #N/A | I19: 1287680496 | J19: #N/A | K19: #N/A | L19: #N/A | M19: #N/A | N19: #N/A | O19: #N/A | P19: #N/A | Q19: 1641748976 | R19: #N/A | S19: #N/A | T19: #N/A | U19: #N/A | V19: #N/A | W19: 12483445184 | X19: #N/A | Y19: 4395455928 | Z19: 1045953104 | AA19: #N/A | AB19: #N/A | AC19: 2425637176 | AD19: #N/A | AE19: #N/A | AF19: #N/A | AG19: 2921363304 | AH19: 13758099000 | AI19: #N/A | AJ19: #N/A | AK19: #N/A | AL19: 359695760128 | AM19: #N/A | AN19: #N/A | AO19: 4972605392 | AP19: 12845694720 | AQ19: 152199160384 | AR19: #N/A | AS19: 11017726016 | AT19: #N/A | AU19: 25820984000 | AV19: #N/A | AW19: 2230293192 | AX19: #N/A | AY19: #N/A | AZ19: #N/A | BA19: 12197429888 | BB19: 429725805568 | BC19: 359695760128 | BD19: 288330118400 | BE19: 273329105408 | BF19: 36590729664 | BG19: 94165001216 | BH19: 152199160384 | BI19: 1.2627066e+12 | BJ19: #N/A | BK19: 46110698992 | BL19: 51018862576 | BM19: 18055758400 | BN19: 3843825608 | BO19: #N/A | BP19: #N/A | BQ19: 75944174416 | BR19: 35794995120 | BS19: 16683626176 | BT19: 17879102400 | BU19: 25820984000 | BV19: 12845694720 | BW19: 12483445184 | BX19: 42460910440 | BY19: #N/A | BZ19: #N/A | CA19: 67957904728 | CB19: #N/A | CC19: #N/A | CD19: #N/A | CE19: #N/A | CF19: #N/A | CG19: 6883832264 | CH19: #N/A | CI19: #N/A | CJ19: 4217688856 | CK19: 6247926344 | CL19: 4123231968 | CM19: #N/A | CN19: #N/A | CO19: #N/A | CP19: 4972605392 | CQ19: 2237128168 | CR19: 11017726016 | CS19: 5875870208 | CT19: 49767110720 | CU19: 21081514984 | CV19: 1180987824 | CW19: 13758099000 | CX19: #N/A | CY19: 35636245120 | CZ19: 1.1430012e+11 | DA19: 3514750624 | DB19: #N/A | DC19: 533161632 | DD19: 39694059328 | DE19: 1174814648 | DF19: #N/A | DG19: #N/A | DH19: 6958287760 | DI19: 3429940312 | DJ19: #N/A | DK19: 5484450696 | DL19: #N/A | DM19: 1113041608 | DN19: 19314311152 | DO19: #N/A | DP19: 6578394240 | DQ19: #N/A | DR19: #N/A | DS19: #N/A | DT19: 4234478784 | DU19: 8314277024 | DV19: 2772533096 | DW19: 3683731280 | DX19: #N/A | DY19: #N/A | DZ19: 21244608896 | EA19: 2553471512 | EB19: #N/A | EC19: 4947467640 | ED19: 11749480784 | EE19: 1324649216 | EF19: 1736794984 | EG19: 3025357568 | EH19: 2216629632 | EI19: #N/A | EJ19: #N/A | EK19: 559960576 | EL19: #N/A | EM19: #N/A | EN19: #N/A | EO19: #N/A | EP19: 4679554088 | EQ19: #N/A | ER19: #N/A | ES19: 1251522736 | ET19: #N/A | EU19: 3855028256 | EV19: 3254623976 | EW19: #N/A | EX19: 9976652896 | EY19: #N/A | EZ19: 40318930 | FA19: 1641748976 | FB19: 5295793344 | FC19: #N/A | FD19: 2972747440 | FE19: #N/A | FF19: 1651723040 | FG19: #N/A | FH19: #N/A | FI19: 18903918296 | FJ19: 3563869640 | FK19: #N/A | FL19: 492701568 | FM19: #N/A | FN19: 20169678696 | FO19: 7524425480 | FP19: #N/A | FQ19: #N/A | FR19: #N/A | FS19: #N/A | FT19: #N/A | FU19: 1908667288 | FV19: #N/A | FW19: 1180136280 | FX19: #N/A | FY19: #N/A | FZ19: 756707752 | GA19: 1066398072 | GB19: 2092213120 | GC19: #N/A | GD19: 3864324280 | GE19: 1722807312 | GF19: 2230293192 | GG19: #N/A | GH19: 1639670128 | GI19: #N/A | GJ19: #N/A | GK19: 953994848 | GL19: #N/A | GM19: 3321406488 | GN19: 4929895296 | GO19: #N/A | GP19: #N/A | GQ19: #N/A | GR19: #N/A | GS19: 8703314624 | GT19: #N/A | GU19: #N/A | GV19: #N/A | GW19: #N/A | GX19: #N/A | GY19: #N/A | GZ19: #N/A | HA19: #N/A | HB19: #N/A | HC19: #N/A | HD19: 937222496 | HE19: #N/A | HF19: 940976760 | HG19: 5331095976 | HH19: #N/A | HI19: #N/A | HJ19: #N/A | HK19: 4726389112 | HL19: #N/A | HM19: #N/A | HN19: #N/A | HO19: 558239284 | HP19: #N/A | HQ19: 2281446784 | HR19: #N/A | HS19: #N/A | HT19: #N/A | HU19: 426520736 | HV19: #N/A | HW19: 1590176448 | HX19: #N/A | HY19: #N/A | HZ19: #N/A | IA19: #N/A | IB19: 264145544 | IC19: 829526480 | ID19: 3301655872 | IE19: 1060167336 | IF19: #N/A | IG19: #N/A | IH19: #N/A | II19: #N/A | IJ19: #N/A | IK19: 293092736 | IL19: 6984960000 | IM19: 200093083 | IN19: 634931696 | IO19: #N/A | IP19: 1068400928 | IQ19: #N/A | IR19: #N/A | IS19: #N/A | IT19: #N/A | IU19: 708487672 | IV19: 330465096 | IW19: #N/A | IX19: 3517000760 | IY19: #N/A | IZ19: #N/A | JA19: #N/A | JB19: 807088872 | JC19: #N/A | JD19: #N/A | JE19: #N/A | JF19: #N/A | JG19: #N/A | JH19: 1415017104 | JI19: 1796448992 | JJ19: #N/A | JK19: #N/A | JL19: 3634916272 | JM19: 1564763696 | JN19: 594057016 | JO19: #N/A | JP19: 1310420104 | JQ19: 55423567 | JR19: 11614393728 | JS19: #N/A | JT19: #N/A | JU19: #N/A | JV19: #N/A | JW19: #N/A | JX19: 31745844 | JY19: #N/A | JZ19: #N/A | KA19: #N/A | KB19: #N/A | KC19: #N/A | KD19: #N/A | KE19: 1040637376 | KF19: 1393823032 | KG19: #N/A | KH19: #N/A | KI19: #N/A
B20: 42339 | C20: 44401238888 | D20: 9374451808 | E20: 518683064 | F20: 891171720 | G20: 53284953080 | H20: #N/A | I20: 1116067112 | J20: #N/A | K20: #N/A | L20: #N/A | M20: #N/A | N20: #N/A | O20: #N/A | P20: #N/A | Q20: 1793583864 | R20: #N/A | S20: #N/A | T20: #N/A | U20: #N/A | V20: #N/A | W20: 13486609856 | X20: #N/A | Y20: 4532657440 | Z20: 1145091992 | AA20: #N/A | AB20: #N/A | AC20: 1846113752 | AD20: #N/A | AE20: #N/A | AF20: #N/A | AG20: 3336330528 | AH20: 14831840000 | AI20: #N/A | AJ20: #N/A | AK20: #N/A | AL20: 380304571136 | AM20: #N/A | AN20: #N/A | AO20: 5310574544 | AP20: 15268136992 | AQ20: 153862365760 | AR20: #N/A | AS20: 13302102688 | AT20: #N/A | AU20: 27249004032 | AV20: #N/A | AW20: 2586354992 | AX20: #N/A | AY20: #N/A | AZ20: #N/A | BA20: 14308499008 | BB20: 465282690048 | BC20: 380304571136 | BD20: 313249527040 | BE20: 287226720512 | BF20: 39284476352 | BG20: 99627820032 | BH20: 153862365760 | BI20: 1.2825443e+12 | BJ20: #N/A | BK20: 53372026352 | BL20: 53284953080 | BM20: 18399217216 | BN20: 4512134344 | BO20: #N/A | BP20: #N/A | BQ20: 66216315504 | BR20: 35773761456 | BS20: 16117470912 | BT20: 23631229952 | BU20: 27249004032 | BV20: 15268136992 | BW20: 13486609856 | BX20: 44401238888 | BY20: #N/A | BZ20: #N/A | CA20: 66535890232 | CB20: #N/A | CC20: #N/A | CD20: #N/A | CE20: #N/A | CF20: #N/A | CG20: 6963365320 | CH20: #N/A | CI20: #N/A | CJ20: 3990683176 | CK20: 6262800968 | CL20: 3764926136 | CM20: #N/A | CN20: #N/A | CO20: #N/A | CP20: 5310574544 | CQ20: 2492422376 | CR20: 13302102688 | CS20: 7644016560 | CT20: 47670765632 | CU20: 6252143528 | CV20: 1185856176 | CW20: 14831840000 | CX20: #N/A | CY20: 37016996480 | CZ20: 1.400111e+11 | DA20: 3549979808 | DB20: #N/A | DC20: 506473568 | DD20: 38667839296 | DE20: 891171720 | DF20: #N/A | DG20: 4301062960 | DH20: 6616315792 | DI20: 3492199336 | DJ20: #N/A | DK20: 5878679176 | DL20: #N/A | DM20: 814029144 | DN20: 17852321776 | DO20: #N/A | DP20: 6894784512 | DQ20: #N/A | DR20: #N/A | DS20: #N/A | DT20: 4347492032 | DU20: 8357593248 | DV20: 3045275240 | DW20: 3977482272 | DX20: #N/A | DY20: #N/A | DZ20: 20860152256 | EA20: 2829529312 | EB20: #N/A | EC20: 5038258432 | ED20: 12031614288 | EE20: 1229021184 | EF20: 2157212000 | EG20: 2839704064 | EH20: 2377256192 | EI20: #N/A | EJ20: #N/A | EK20: 641643568 | EL20: #N/A | EM20: #N/A | EN20: #N/A | EO20: #N/A | EP20: 4074990248 | EQ20: #N/A | ER20: #N/A | ES20: 1411619184 | ET20: #N/A | EU20: 4213606432 | EV20: 2865583616 | EW20: #N/A | EX20: 9374451808 | EY20: #N/A | EZ20: 33586930 | FA20: 1793583864 | FB20: 5859072352 | FC20: #N/A | FD20: 3507697224 | FE20: #N/A | FF20: 1491072360 | FG20: #N/A | FH20: #N/A | FI20: 15840842456 | FJ20: 3763740616 | FK20: #N/A | FL20: 552901920 | FM20: #N/A | FN20: 18923364520 | FO20: 7530969352 | FP20: #N/A | FQ20: #N/A | FR20: 162446397 | FS20: #N/A | FT20: #N/A | FU20: 2177842040 | FV20: #N/A | FW20: 1396374792 | FX20: #N/A | FY20: #N/A | FZ20: 701706136 | GA20: 1276867992 | GB20: 2055505488 | GC20: #N/A | GD20: 3739302848 | GE20: 1739401872 | GF20: 2586354992 | GG20: #N/A | GH20: 2196182344 | GI20: #N/A | GJ20: #N/A | GK20: 1041475584 | GL20: #N/A | GM20: 3952986952 | GN20: 4975249280 | GO20: #N/A | GP20: #N/A | GQ20: #N/A | GR20: #N/A | GS20: 9689859840 | GT20: #N/A | GU20: #N/A | GV20: #N/A | GW20: #N/A | GX20: #N/A | GY20: #N/A | GZ20: #N/A | HA20: #N/A | HB20: #N/A | HC20: #N/A | HD20: 9.0260039e+08 | HE20: #N/A | HF20: 764461960 | HG20: 5787242920 | HH20: #N/A | HI20: #N/A | HJ20: #N/A | HK20: 4926343632 | HL20: #N/A | HM20: #N/A | HN20: #N/A | HO20: 650747671 | HP20: #N/A | HQ20: 2259622784 | HR20: #N/A | HS20: #N/A | HT20: #N/A | HU20: 407675896 | HV20: #N/A | HW20: 1593874896 | HX20: #N/A | HY20: #N/A | HZ20: #N/A | IA20: #N/A | IB20: 286730568 | IC20: 944251808 | ID20: 3249671232 | IE20: 1082781736 | IF20: #N/A | IG20: #N/A | IH20: #N/A | II20: #N/A | IJ20: #N/A | IK20: 353464824 | IL20: 7010386560 | IM20: 166863900 | IN20: 633750064 | IO20: #N/A | IP20: 1171806536 | IQ20: #N/A | IR20: #N/A | IS20: #N/A | IT20: #N/A | IU20: 788136656 | IV20: 453480512 | IW20: #N/A | IX20: 3526348776 | IY20: #N/A | IZ20: #N/A | JA20: #N/A | JB20: 839833064 | JC20: #N/A | JD20: #N/A | JE20: #N/A | JF20: #N/A | JG20: #N/A | JH20: 945912320 | JI20: 1915159168 | JJ20: #N/A | JK20: #N/A | JL20: 3310108080 | JM20: 1548305864 | JN20: 742177384 | JO20: #N/A | JP20: 1918763272 | JQ20: 49677282 | JR20: 11515403648 | JS20: #N/A | JT20: #N/A | JU20: #N/A | JV20: #N/A | JW20: #N/A | JX20: 59487432 | JY20: #N/A | JZ20: #N/A | KA20: #N/A | KB20: #N/A | KC20: #N/A | KD20: #N/A | KE20: 1143987904 | KF20: 1768176568 | KG20: #N/A | KH20: #N/A | KI20: #N/A
B21: 42370 | C21: 44776358904 | D21: 8479418464 | E21: 449613464 | F21: 832164936 | G21: 51551915000 | H21: #N/A | I21: 1179382952 | J21: #N/A | K21: #N/A | L21: #N/A | M21: #N/A | N21: #N/A | O21: #N/A | P21: #N/A | Q21: 1816087544 | R21: #N/A | S21: #N/A | T21: #N/A | U21: #N/A | V21: #N/A | W21: 13500920256 | X21: #N/A | Y21: 4360863264 | Z21: 957362328 | AA21: #N/A | AB21: #N/A | AC21: 1806743640 | AD21: #N/A | AE21: 1367003960 | AF21: #N/A | AG21: 3497454368 | AH21: 13910240000 | AI21: #N/A | AJ21: #N/A | AK21: #N/A | AL21: 382381406976 | AM21: #N/A | AN21: #N/A | AO21: 4461312464 | AP21: 14168502304 | AQ21: 143483566400 | AR21: #N/A | AS21: 12391440032 | AT21: #N/A | AU21: 25852421632 | AV21: #N/A | AW21: 2201592368 | AX21: #N/A | AY21: #N/A | AZ21: #N/A | BA21: 14421481024 | BB21: 460424768512 | BC21: 382381406976 | BD21: 311763531008 | BE21: 280269877504 | BF21: 42259460544 | BG21: 97145725952 | BH21: 143483566400 | BI21: 1.258181e+12 | BJ21: #N/A | BK21: 48675028464 | BL21: 51551915000 | BM21: 17394286144 | BN21: 4751991496 | BO21: #N/A | BP21: #N/A | BQ21: 65840441968 | BR21: 36913254320 | BS21: 15905823424 | BT21: 23355073536 | BU21: 25852421632 | BV21: 14168502304 | BW21: 13500920256 | BX21: 44776358904 | BY21: #N/A | BZ21: #N/A | CA21: 65917812024 | CB21: #N/A | CC21: #N/A | CD21: #N/A | CE21: #N/A | CF21: #N/A | CG21: 6147830248 | CH21: #N/A | CI21: #N/A | CJ21: 3818685736 | CK21: 5828457032 | CL21: 3551008440 | CM21: #N/A | CN21: #N/A | CO21: #N/A | CP21: 4461312464 | CQ21: 2288107752 | CR21: 12391440032 | CS21: 6640745904 | CT21: 50338121728 | CU21: 6004573096 | CV21: 1049540592 | CW21: 13910240000 | CX21: #N/A | CY21: 35131970176 | CZ21: 1.2196335e+11 | DA21: 3937785544 | DB21: #N/A | DC21: 533503776 | DD21: 39926179648 | DE21: 832164936 | DF21: #N/A | DG21: 4692816432 | DH21: 6409918352 | DI21: 3439059112 | DJ21: #N/A | DK21: 5489200264 | DL21: #N/A | DM21: 804185752 | DN21: 20295473136 | DO21: #N/A | DP21: 6547655168 | DQ21: 1367003960 | DR21: #N/A | DS21: #N/A | DT21: 5135678144 | DU21: 7215411872 | DV21: 3020988776 | DW21: 3909216032 | DX21: #N/A | DY21: #N/A | DZ21: 20160784832 | EA21: 2562703712 | EB21: #N/A | EC21: 4643307264 | ED21: 11105638736 | EE21: 1150498432 | EF21: 2187953248 | EG21: 2648589952 | EH21: 2067300992 | EI21: #N/A | EJ21: #N/A | EK21: 643790640 | EL21: #N/A | EM21: #N/A | EN21: #N/A | EO21: #N/A | EP21: 4015821992 | EQ21: #N/A | ER21: #N/A | ES21: 1449280496 | ET21: #N/A | EU21: 4499779104 | EV21: 3680771584 | EW21: #N/A | EX21: 8479418464 | EY21: #N/A | EZ21: 40726930 | FA21: 1816087544 | FB21: 5980680032 | FC21: #N/A | FD21: 2892187720 | FE21: #N/A | FF21: 1463806312 | FG21: #N/A | FH21: #N/A | FI21: 16942192344 | FJ21: 3764409288 | FK21: #N/A | FL21: 525450560 | FM21: #N/A | FN21: 18803132584 | FO21: 6964305672 | FP21: #N/A | FQ21: #N/A | FR21: 172780461 | FS21: #N/A | FT21: #N/A | FU21: 2144558200 | FV21: #N/A | FW21: 1305425800 | FX21: #N/A | FY21: #N/A | FZ21: 741719768 | GA21: 1217906840 | GB21: 2022931280 | GC21: #N/A | GD21: 3918563264 | GE21: 1319591024 | GF21: 2201592368 | GG21: #N/A | GH21: 1982674760 | GI21: #N/A | GJ21: #N/A | GK21: 971472192 | GL21: #N/A | GM21: 4243273800 | GN21: 4942178688 | GO21: #N/A | GP21: #N/A | GQ21: #N/A | GR21: #N/A | GS21: 9606614784 | GT21: #N/A | GU21: #N/A | GV21: #N/A | GW21: #N/A | GX21: #N/A | GY21: #N/A | GZ21: #N/A | HA21: #N/A | HB21: #N/A | HC21: #N/A | HD21: 8.9891073e+08 | HE21: #N/A | HF21: 650118088 | HG21: 5615452712 | HH21: #N/A | HI21: #N/A | HJ21: #N/A | HK21: 4932347600 | HL21: #N/A | HM21: #N/A | HN21: #N/A | HO21: 532578391 | HP21: #N/A | HQ21: 1857977992 | HR21: #N/A | HS21: #N/A | HT21: #N/A | HU21: 394481208 | HV21: #N/A | HW21: 1372749904 | HX21: #N/A | HY21: #N/A | HZ21: #N/A | IA21: #N/A | IB21: 228710408 | IC21: 901278176 | ID21: 2842967232 | IE21: 1170378664 | IF21: #N/A | IG21: #N/A | IH21: #N/A | II21: #N/A | IJ21: #N/A | IK21: 379222904 | IL21: 6835717248 | IM21: 143673196 | IN21: 505782832 | IO21: #N/A | IP21: 1225016776 | IQ21: #N/A | IR21: #N/A | IS21: #N/A | IT21: #N/A | IU21: 728982128 | IV21: 431008816 | IW21: #N/A | IX21: 3908093928 | IY21: #N/A | IZ21: #N/A | JA21: #N/A | JB21: 700166184 | JC21: #N/A | JD21: #N/A | JE21: #N/A | JF21: #N/A | JG21: #N/A | JH21: 665758656 | JI21: 1791007744 | JJ21: #N/A | JK21: #N/A | JL21: 3136169904 | JM21: 1453965000 | JN21: 716509480 | JO21: #N/A | JP21: 1804793352 | JQ21: 28752796 | JR21: 11849916800 | JS21: #N/A | JT21: #N/A | JU21: #N/A | JV21: #N/A | JW21: #N/A | JX21: 57940120 | JY21: #N/A | JZ21: #N/A | KA21: #N/A | KB21: #N/A | KC21: #N/A | KD21: #N/A | KE21: 1056707136 | KF21: 1720960184 | KG21: #N/A | KH21: #N/A | KI21: #N/A
B22: 42401 | C22: 42574533624 | D22: 7175126624 | E22: 400325912 | F22: 732389768 | G22: 44938476536 | H22: #N/A | I22: 1147408424 | J22: #N/A | K22: #N/A | L22: #N/A | M22: #N/A | N22: #N/A | O22: #N/A | P22: #N/A | Q22: 1287249016 | R22: #N/A | S22: #N/A | T22: #N/A | U22: #N/A | V22: #N/A | W22: 9524923808 | X22: #N/A | Y22: 3900801152 | Z22: 743986520 | AA22: #N/A | AB22: #N/A | AC22: 1621619416 | AD22: #N/A | AE22: 895913528 | AF22: #N/A | AG22: 2898974240 | AH22: 11060960000 | AI22: #N/A | AJ22: #N/A | AK22: #N/A | AL22: 374506955072 | AM22: #N/A | AN22: #N/A | AO22: 3999225384 | AP22: 11970092064 | AQ22: 142601320768 | AR22: #N/A | AS22: 9399149216 | AT22: #N/A | AU22: 25818101248 | AV22: #N/A | AW22: 1829832368 | AX22: #N/A | AY22: #N/A | AZ22: #N/A | BA22: 12452399680 | BB22: 455269200512 | BC22: 374506955072 | BD22: 268383707328 | BE22: 309258419200 | BF22: 40194081216 | BG22: #N/A | BH22: 142601320768 | BI22: 1.024729e+12 | BJ22: #N/A | BK22: 40338806360 | BL22: 44938476536 | BM22: 16465989440 | BN22: 3493078728 | BO22: #N/A | BP22: #N/A | BQ22: 56377526896 | BR22: 35073079216 | BS22: 17260364480 | BT22: 18024326208 | BU22: 25818101248 | BV22: 11970092064 | BW22: 9524923808 | BX22: 42574533624 | BY22: #N/A | BZ22: #N/A | CA22: 65137081656 | CB22: #N/A | CC22: #N/A | CD22: #N/A | CE22: #N/A | CF22: #N/A | CG22: 5688928232 | CH22: #N/A | CI22: #N/A | CJ22: 3529005608 | CK22: 5450636872 | CL22: 3311371192 | CM22: #N/A | CN22: #N/A | CO22: #N/A | CP22: 3999225384 | CQ22: 2232385768 | CR22: 9399149216 | CS22: 4574042032 | CT22: 45875152896 | CU22: 5646971048 | CV22: 1048417136 | CW22: 11060960000 | CX22: #N/A | CY22: 28866202112 | CZ22: 1.192656e+11 | DA22: 3802176200 | DB22: #N/A | DC22: 532135136 | DD22: 41889269056 | DE22: 732389768 | DF22: #N/A | DG22: 3255279664 | DH22: 5982958992 | DI22: 3517079968 | DJ22: #N/A | DK22: 4287515272 | DL22: #N/A | DM22: 708780824 | DN22: 16967050224 | DO22: #N/A | DP22: 5745274368 | DQ22: 895913528 | DR22: #N/A | DS22: #N/A | DT22: 5452567232 | DU22: 6251054752 | DV22: 2654064744 | DW22: 3698209104 | DX22: #N/A | DY22: #N/A | DZ22: 13488899520 | EA22: 2404525664 | EB22: #N/A | EC22: 5497009408 | ED22: 10966886672 | EE22: 1418811016 | EF22: 1926081888 | EG22: 2431551232 | EH22: 1892429184 | EI22: #N/A | EJ22: #N/A | EK22: 686764400 | EL22: #N/A | EM22: #N/A | EN22: #N/A | EO22: #N/A | EP22: 3212982184 | EQ22: #N/A | ER22: #N/A | ES22: 1194916976 | ET22: #N/A | EU22: 3320609312 | EV22: 3331645696 | EW22: #N/A | EX22: 7175126624 | EY22: #N/A | EZ22: 41950930 | FA22: 1287249016 | FB22: 5763969376 | FC22: #N/A | FD22: 2787599688 | FE22: #N/A | FF22: 1216140328 | FG22: #N/A | FH22: #N/A | FI22: 12248154840 | FJ22: 3437692104 | FK22: #N/A | FL22: 393491392 | FM22: #N/A | FN22: 16174223528 | FO22: 6478781192 | FP22: #N/A | FQ22: #N/A | FR22: 142926509 | FS22: #N/A | FT22: #N/A | FU22: 1041077240 | FV22: #N/A | FW22: 1228945928 | FX22: #N/A | FY22: #N/A | FZ22: 774302296 | GA22: 1108098328 | GB22: 1935079504 | GC22: #N/A | GD22: 3907018768 | GE22: 1100609008 | GF22: 1829832368 | GG22: #N/A | GH22: 1555659336 | GI22: #N/A | GJ22: #N/A | GK22: 878342784 | GL22: #N/A | GM22: 3802467912 | GN22: 4407221600 | GO22: #N/A | GP22: #N/A | GQ22: #N/A | GR22: #N/A | GS22: 7888580032 | GT22: #N/A | GU22: #N/A | GV22: #N/A | GW22: #N/A | GX22: #N/A | GY22: #N/A | GZ22: #N/A | HA22: #N/A | HB22: #N/A | HC22: #N/A | HD22: 8.8553575e+08 | HE22: #N/A | HF22: 570525832 | HG22: 5709786000 | HH22: #N/A | HI22: #N/A | HJ22: #N/A | HK22: 5101655248 | HL22: #N/A | HM22: #N/A | HN22: #N/A | HO22: 349284695 | HP22: #N/A | HQ22: 1972425864 | HR22: #N/A | HS22: #N/A | HT22: #N/A | HU22: 371802840 | HV22: #N/A | HW22: 1262187472 | HX22: #N/A | HY22: #N/A | HZ22: #N/A | IA22: #N/A | IB22: 243631392 | IC22: 732867936 | ID22: 2521885248 | IE22: 778731688 | IF22: #N/A | IG22: #N/A | IH22: #N/A | II22: #N/A | IJ22: #N/A | IK22: 376904664 | IL22: 6453369984 | IM22: 99776492 | IN22: 374200752 | IO22: #N/A | IP22: 979099528 | IQ22: #N/A | IR22: #N/A | IS22: #N/A | IT22: #N/A | IU22: 663780720 | IV22: 433392176 | IW22: #N/A | IX22: 1959756776 | IY22: #N/A | IZ22: #N/A | JA22: #N/A | JB22: 590736456 | JC22: #N/A | JD22: #N/A | JE22: #N/A | JF22: #N/A | JG22: #N/A | JH22: 515727232 | JI22: 1278732288 | JJ22: #N/A | JK22: #N/A | JL22: #N/A | JM22: 1586277064 | JN22: 465697384 | JO22: #N/A | JP22: 1220602760 | JQ22: 22538624 | JR22: 9245904256 | JS22: #N/A | JT22: #N/A | JU22: #N/A | JV22: #N/A | JW22: #N/A | JX22: 39789020 | JY22: #N/A | JZ22: #N/A | KA22: #N/A | KB22: #N/A | KC22: #N/A | KD22: #N/A | KE22: 939177408 | KF22: 1418775480 | KG22: #N/A | KH22: #N/A | KI22: #N/A
B23: 42430 | C23: 41956606968 | D23: 8914843144 | E23: 374181584 | F23: 933199392 | G23: 45061848208 | H23: #N/A | I23: 958416928 | J23: #N/A | K23: #N/A | L23: #N/A | M23: #N/A | N23: #N/A | O23: #N/A | P23: #N/A | Q23: 1396679672 | R23: #N/A | S23: #N/A | T23: #N/A | U23: #N/A | V23: #N/A | W23: 9010273696 | X23: #N/A | Y23: 4085196672 | Z23: 735902160 | AA23: #N/A | AB23: #N/A | AC23: 1624611896 | AD23: #N/A | AE23: 565795760 | AF23: #N/A | AG23: 2989325960 | AH23: 12312097000 | AI23: #N/A | AJ23: #N/A | AK23: #N/A | AL23: 357660139840 | AM23: #N/A | AN23: #N/A | AO23: 4189831720 | AP23: 12037187648 | AQ23: 149617359168 | AR23: #N/A | AS23: 10941800736 | AT23: #N/A | AU23: 26300346816 | AV23: #N/A | AW23: 1933618064 | AX23: #N/A | AY23: #N/A | AZ23: #N/A | BA23: 14092499008 | BB23: 433642123904 | BC23: 357660139840 | BD23: 270375379136 | BE23: 294258539520 | BF23: 56158425536 | BG23: 80356344672 | BH23: 149617359168 | BI23: 1.0824961e+12 | BJ23: #N/A | BK23: 42141029976 | BL23: 45061848208 | BM23: 17991969600 | BN23: 4082507296 | BO23: #N/A | BP23: #N/A | BQ23: 67809075168 | BR23: 37813634144 | BS23: 19812410432 | BT23: 19317302208 | BU23: 26300346816 | BV23: 12037187648 | BW23: 9010273696 | BX23: 41956606968 | BY23: #N/A | BZ23: #N/A | CA23: 67424979136 | CB23: #N/A | CC23: #N/A | CD23: #N/A | CE23: #N/A | CF23: #N/A | CG23: 6473662768 | CH23: #N/A | CI23: #N/A | CJ23: 4129370744 | CK23: 6346319520 | CL23: 3693852104 | CM23: #N/A | CN23: #N/A | CO23: #N/A | CP23: 4189831720 | CQ23: 2187466184 | CR23: 10941800736 | CS23: 2531940432 | CT23: 45845858304 | CU23: 5640116152 | CV23: 1057605272 | CW23: 12312097000 | CX23: #N/A | CY23: 29231600128 | CZ23: 1.1863337e+11 | DA23: 4107503008 | DB23: #N/A | DC23: 496426648 | DD23: 44579030336 | DE23: 933199392 | DF23: #N/A | DG23: 3913140784 | DH23: 5746616912 | DI23: 3738920352 | DJ23: #N/A | DK23: 3.5592623e+09 | DL23: #N/A | DM23: 731565384 | DN23: 18506389328 | DO23: #N/A | DP23: 5253385312 | DQ23: 565795760 | DR23: #N/A | DS23: #N/A | DT23: 5483139608 | DU23: 6022321184 | DV23: 3565704080 | DW23: 3827781968 | DX23: #N/A | DY23: #N/A | DZ23: 13961452464 | EA23: 2455302328 | EB23: #N/A | EC23: 5699041792 | ED23: 11701155088 | EE23: 1515501960 | EF23: 1800058032 | EG23: 2950612992 | EH23: 2026664448 | EI23: #N/A | EJ23: #N/A | EK23: 824721520 | EL23: #N/A | EM23: #N/A | EN23: #N/A | EO23: #N/A | EP23: 3631276696 | EQ23: #N/A | ER23: #N/A | ES23: 1201193840 | ET23: #N/A | EU23: 2861495304 | EV23: 3008565544 | EW23: #N/A | EX23: 8914843144 | EY23: #N/A | EZ23: 39298930 | FA23: 1396679672 | FB23: 6008012672 | FC23: #N/A | FD23: 2532470288 | FE23: #N/A | FF23: 1088347032 | FG23: #N/A | FH23: #N/A | FI23: 14220163256 | FJ23: 3020816384 | FK23: #N/A | FL23: 543545792 | FM23: #N/A | FN23: 17717597184 | FO23: 6852963024 | FP23: #N/A | FQ23: #N/A | FR23: 151920973 | FS23: #N/A | FT23: #N/A | FU23: 1069490672 | FV23: #N/A | FW23: 1225499744 | FX23: #N/A | FY23: #N/A | FZ23: 790593624 | GA23: 1332937344 | GB23: 1886711760 | GC23: #N/A | GD23: 3946422288 | GE23: 1099456496 | GF23: 1933618064 | GG23: #N/A | GH23: 1461384448 | GI23: #N/A | GJ23: #N/A | GK23: 676654112 | GL23: #N/A | GM23: 4459178680 | GN23: 4448482656 | GO23: #N/A | GP23: #N/A | GQ23: #N/A | GR23: #N/A | GS23: 8970868608 | GT23: #N/A | GU23: #N/A | GV23: #N/A | GW23: #N/A | GX23: #N/A | GY23: #N/A | GZ23: #N/A | HA23: #N/A | HB23: #N/A | HC23: #N/A | HD23: 8.7907886e+08 | HE23: #N/A | HF23: 662486920 | HG23: 5860966800 | HH23: #N/A | HI23: #N/A | HJ23: #N/A | HK23: 4767226816 | HL23: #N/A | HM23: #N/A | HN23: #N/A | HO23: 386573655 | HP23: #N/A | HQ23: 2206656136 | HR23: #N/A | HS23: #N/A | HT23: #N/A | HU23: 440868792 | HV23: #N/A | HW23: 1434374992 | HX23: #N/A | HY23: #N/A | HZ23: #N/A | IA23: #N/A | IB23: 251432192 | IC23: 702634248 | ID23: 2653370048 | IE23: 1015803992 | IF23: #N/A | IG23: #N/A | IH23: #N/A | II23: #N/A | IJ23: #N/A | IK23: 385481984 | IL23: 6684749504 | IM23: 24406700 | IN23: 358874064 | IO23: #N/A | IP23: 978728288 | IQ23: #N/A | IR23: #N/A | IS23: #N/A | IT23: #N/A | IU23: 758438656 | IV23: 384703504 | IW23: #N/A | IX23: 2084980856 | IY23: #N/A | IZ23: #N/A | JA23: #N/A | JB23: 573245808 | JC23: #N/A | JD23: #N/A | JE23: #N/A | JF23: #N/A | JG23: #N/A | JH23: 475679648 | JI23: 1391127584 | JJ23: #N/A | JK23: #N/A | JL23: 3181186520 | JM23: 1365719432 | JN23: 135268504 | JO23: #N/A | JP23: 1208175240 | JQ23: 26084054 | JR23: 9105027520 | JS23: #N/A | JT23: #N/A | JU23: #N/A | JV23: #N/A | JW23: #N/A | JX23: 33064184 | JY23: #N/A | JZ23: #N/A | KA23: #N/A | KB23: #N/A | KC23: #N/A | KD23: #N/A | KE23: 1032410480 | KF23: 1197269352 | KG23: #N/A | KH23: #N/A | KI23: #N/A
B24: 42461 | C24: 45418882584 | D24: 8814690824 | E24: 387215856 | F24: 908533280 | G24: 49874033136 | H24: #N/A | I24: 1169523104 | J24: #N/A | K24: #N/A | L24: #N/A | M24: #N/A | N24: #N/A | O24: #N/A | P24: #N/A | Q24: 1393903096 | R24: #N/A | S24: #N/A | T24: #N/A | U24: #N/A | V24: #N/A | W24: 9684925856 | X24: #N/A | Y24: 4200873600 | Z24: 708011920 | AA24: #N/A | AB24: #N/A | AC24: 2149225912 | AD24: #N/A | AE24: 570554288 | AF24: #N/A | AG24: 3002253192 | AH24: 13865016552 | AI24: #N/A | AJ24: #N/A | AK24: #N/A | AL24: 381308969280 | AM24: #N/A | AN24: #N/A | AO24: 4428360744 | AP24: 13140051008 | AQ24: 160613459264 | AR24: #N/A | AS24: 11673472288 | AT24: #N/A | AU24: 27797615040 | AV24: #N/A | AW24: 2068563088 | AX24: #N/A | AY24: #N/A | AZ24: #N/A | BA24: 16070299968 | BB24: 453875839616 | BC24: 381308969280 | BD24: 279537967296 | BE24: 312019319808 | BF24: 63381687360 | BG24: 80990921568 | BH24: 160613459264 | BI24: 1.195839e+12 | BJ24: #N/A | BK24: 45308831320 | BL24: 49874033136 | BM24: 19107066688 | BN24: 3597762336 | BO24: #N/A | BP24: #N/A | BQ24: 67996618720 | BR24: 39025396832 | BS24: 20463279168 | BT24: 20976037824 | BU24: 27797615040 | BV24: 13140051008 | BW24: 9684925856 | BX24: 45418882584 | BY24: #N/A | BZ24: #N/A | CA24: 68049438400 | CB24: #N/A | CC24: #N/A | CD24: #N/A | CE24: #N/A | CF24: #N/A | CG24: 6988857648 | CH24: #N/A | CI24: #N/A | CJ24: 4422998648 | CK24: 6811672224 | CL24: 3944711880 | CM24: #N/A | CN24: #N/A | CO24: #N/A | CP24: 4428360744 | CQ24: 2355902408 | CR24: 11673472288 | CS24: 2968267856 | CT24: 48208944256 | CU24: 6315138488 | CV24: 1182210456 | CW24: 13865016552 | CX24: #N/A | CY24: 27934151168 | CZ24: 1.5354247e+11 | DA24: 4229779616 | DB24: #N/A | DC24: 512184792 | DD24: 44762428736 | DE24: 908533280 | DF24: #N/A | DG24: 4296759072 | DH24: 5720297040 | DI24: 3932520608 | DJ24: #N/A | DK24: 3.9210191e+09 | DL24: #N/A | DM24: 769544008 | DN24: 18507895632 | DO24: #N/A | DP24: 5415232096 | DQ24: 570554288 | DR24: #N/A | DS24: #N/A | DT24: 5326417432 | DU24: 6437622304 | DV24: 3997618576 | DW24: 4045725264 | DX24: #N/A | DY24: #N/A | DZ24: 13633853360 | EA24: 2645292984 | EB24: #N/A | EC24: 5310130536 | ED24: 12077332752 | EE24: 1576325896 | EF24: 1969224368 | EG24: 3243587840 | EH24: 2253808768 | EI24: #N/A | EJ24: #N/A | EK24: 945838000 | EL24: #N/A | EM24: #N/A | EN24: #N/A | EO24: #N/A | EP24: 3971882136 | EQ24: #N/A | ER24: #N/A | ES24: 1252113888 | ET24: #N/A | EU24: 3212494344 | EV24: 3323305512 | EW24: #N/A | EX24: 8814690824 | EY24: #N/A | EZ24: 82942930 | FA24: 1393903096 | FB24: 6144221920 | FC24: #N/A | FD24: 2759774864 | FE24: #N/A | FF24: 1138549080 | FG24: #N/A | FH24: #N/A | FI24: 13749934264 | FJ24: 3378519296 | FK24: #N/A | FL24: 602995296 | FM24: #N/A | FN24: 18674575360 | FO24: 6993437904 | FP24: #N/A | FQ24: #N/A | FR24: 123351036 | FS24: #N/A | FT24: #N/A | FU24: 1200167536 | FV24: #N/A | FW24: 1391106784 | FX24: #N/A | FY24: #N/A | FZ24: 778840464 | GA24: 1475640064 | GB24: 2003672584 | GC24: #N/A | GD24: 3736270096 | GE24: 1319839720 | GF24: 2068563088 | GG24: #N/A | GH24: 1596418560 | GI24: #N/A | GJ24: #N/A | GK24: 802738848 | GL24: #N/A | GM24: 4437972152 | GN24: 4546334816 | GO24: #N/A | GP24: #N/A | GQ24: #N/A | GR24: #N/A | GS24: 9545559936 | GT24: #N/A | GU24: #N/A | GV24: #N/A | GW24: #N/A | GX24: #N/A | GY24: #N/A | GZ24: #N/A | HA24: #N/A | HB24: #N/A | HC24: #N/A | HD24: 874469248 | HE24: #N/A | HF24: 697423880 | HG24: 6262855568 | HH24: #N/A | HI24: #N/A | HJ24: #N/A | HK24: 4829340608 | HL24: #N/A | HM24: #N/A | HN24: #N/A | HO24: 407675900 | HP24: #N/A | HQ24: 2166593464 | HR24: #N/A | HS24: #N/A | HT24: #N/A | HU24: 442667896 | HV24: #N/A | HW24: 1321877856 | HX24: #N/A | HY24: #N/A | HZ24: #N/A | IA24: #N/A | IB24: 256112672 | IC24: 830812360 | ID24: 2723924032 | IE24: 914089048 | IF24: #N/A | IG24: #N/A | IH24: #N/A | II24: #N/A | IJ24: #N/A | IK24: 372600288 | IL24: 6987621056 | IM24: 41060045 | IN24: 338794160 | IO24: #N/A | IP24: 1129662368 | IQ24: #N/A | IR24: #N/A | IS24: #N/A | IT24: #N/A | IU24: 802850848 | IV24: 362085104 | IW24: #N/A | IX24: 2153584760 | IY24: #N/A | IZ24: #N/A | JA24: #N/A | JB24: 603231008 | JC24: #N/A | JD24: #N/A | JE24: #N/A | JF24: #N/A | JG24: #N/A | JH24: 699932896 | JI24: 1562035872 | JJ24: #N/A | JK24: #N/A | JL24: 3253592280 | JM24: 1358629256 | JN24: 186809368 | JO24: #N/A | JP24: 1116142856 | JQ24: 23956118 | JR24: 9269176768 | JS24: #N/A | JT24: #N/A | JU24: #N/A | JV24: #N/A | JW24: #N/A | JX24: 46988524 | JY24: #N/A | JZ24: #N/A | KA24: #N/A | KB24: #N/A | KC24: #N/A | KD24: #N/A | KE24: 1035004016 | KF24: 1116510952 | KG24: #N/A | KH24: #N/A | KI24: #N/A
B25: 42491 | C25: 44948686360 | D25: 8070723400 | E25: 398973840 | F25: 866310944 | G25: 50492078576 | H25: #N/A | I25: 1122219808 | J25: #N/A | K25: #N/A | L25: #N/A | M25: #N/A | N25: #N/A | O25: #N/A | P25: #N/A | Q25: 1442451960 | R25: #N/A | S25: #N/A | T25: #N/A | U25: #N/A | V25: #N/A | W25: 11228934416 | X25: #N/A | Y25: 4645494152 | Z25: 699525648 | AA25: #N/A | AB25: #N/A | AC25: 2571203256 | AD25: #N/A | AE25: 543060784 | AF25: #N/A | AG25: 3344343176 | AH25: 13229117672 | AI25: #N/A | AJ25: #N/A | AK25: #N/A | AL25: 332843486848 | AM25: #N/A | AN25: #N/A | AO25: 4626681384 | AP25: 12234253376 | AQ25: 155218634048 | AR25: #N/A | AS25: 12133682464 | AT25: #N/A | AU25: 26821693888 | AV25: #N/A | AW25: 2232822032 | AX25: #N/A | AY25: #N/A | AZ25: #N/A | BA25: 15824812352 | BB25: 411003438592 | BC25: 332843486848 | BD25: 312965998656 | BE25: 316034712256 | BF25: 58676792384 | BG25: 88523210240 | BH25: 155218634048 | BI25: 1.1662694e+12 | BJ25: #N/A | BK25: 38859486904 | BL25: 50492078576 | BM25: 19363489568 | BN25: 3924444704 | BO25: #N/A | BP25: #N/A | BQ25: 70206144480 | BR25: 39118044256 | BS25: 24672664064 | BT25: 19415985472 | BU25: 26821693888 | BV25: 12234253376 | BW25: 11228934416 | BX25: 44948686360 | BY25: #N/A | BZ25: #N/A | CA25: 67712499904 | CB25: #N/A | CC25: #N/A | CD25: #N/A | CE25: #N/A | CF25: #N/A | CG25: 6722168624 | CH25: #N/A | CI25: #N/A | CJ25: 4342250872 | CK25: 6763134696 | CL25: 4161584584 | CM25: #N/A | CN25: #N/A | CO25: #N/A | CP25: 4626681384 | CQ25: 2276837320 | CR25: 12133682464 | CS25: 3160317520 | CT25: 45324717184 | CU25: 6147969976 | CV25: 1115258840 | CW25: 13229117672 | CX25: #N/A | CY25: 29090731456 | CZ25: 1.498663e+11 | DA25: 4437561504 | DB25: #N/A | DC25: 489232664 | DD25: 42720201280 | DE25: 866310944 | DF25: #N/A | DG25: 4521957152 | DH25: 5574437968 | DI25: 3866941344 | DJ25: #N/A | DK25: 3972998144 | DL25: #N/A | DM25: 771815944 | DN25: 19114789600 | DO25: #N/A | DP25: 5266547456 | DQ25: 543060784 | DR25: #N/A | DS25: #N/A | DT25: 4128208784 | DU25: 7127276704 | DV25: 4677171448 | DW25: 3944700696 | DX25: #N/A | DY25: #N/A | DZ25: 13462780848 | EA25: 2883634104 | EB25: #N/A | EC25: 5345059944 | ED25: 10764915216 | EE25: 1206358928 | EF25: 1969907016 | EG25: 3381231360 | EH25: 2272887456 | EI25: #N/A | EJ25: #N/A | EK25: 937931312 | EL25: #N/A | EM25: #N/A | EN25: #N/A | EO25: #N/A | EP25: 4061256856 | EQ25: #N/A | ER25: #N/A | ES25: 1524453472 | ET25: #N/A | EU25: 3569592072 | EV25: 2808656680 | EW25: #N/A | EX25: 8070723400 | EY25: #N/A | EZ25: 95230930 | FA25: 1442451960 | FB25: 5863915744 | FC25: #N/A | FD25: 2920302736 | FE25: #N/A | FF25: 1268471832 | FG25: #N/A | FH25: #N/A | FI25: 13954111520 | FJ25: 3513981184 | FK25: #N/A | FL25: 594365536 | FM25: #N/A | FN25: 17375609856 | FO25: 7707228216 | FP25: #N/A | FQ25: #N/A | FR25: 171224572 | FS25: #N/A | FT25: #N/A | FU25: 1303443312 | FV25: #N/A | FW25: 1325338720 | FX25: #N/A | FY25: #N/A | FZ25: 797706256 | GA25: 1387046528 | GB25: 1983930632 | GC25: #N/A | GD25: 3733985808 | GE25: 1329082600 | GF25: 2232822032 | GG25: #N/A | GH25: 1871073024 | GI25: #N/A | GJ25: #N/A | GK25: 822715296 | GL25: #N/A | GM25: 4380757432 | GN25: 4870662752 | GO25: #N/A | GP25: #N/A | GQ25: #N/A | GR25: #N/A | GS25: 7473052928 | GT25: #N/A | GU25: #N/A | GV25: #N/A | GW25: #N/A | GX25: #N/A | GY25: #N/A | GZ25: #N/A | HA25: #N/A | HB25: #N/A | HC25: #N/A | HD25: 882883296 | HE25: #N/A | HF25: 713101576 | HG25: 6790845064 | HH25: #N/A | HI25: #N/A | HJ25: #N/A | HK25: 4886655936 | HL25: #N/A | HM25: #N/A | HN25: #N/A | HO25: 415790172 | HP25: #N/A | HQ25: 2105922744 | HR25: #N/A | HS25: #N/A | HT25: #N/A | HU25: 455481848 | HV25: #N/A | HW25: 1309913568 | HX25: #N/A | HY25: #N/A | HZ25: #N/A | IA25: #N/A | IB25: 313751504 | IC25: 827459144 | ID25: 2786148608 | IE25: 917247960 | IF25: #N/A | IG25: #N/A | IH25: #N/A | II25: #N/A | IJ25: #N/A | IK25: 394299200 | IL25: 6880697536 | IM25: -2037747 | IN25: 318176080 | IO25: #N/A | IP25: 1102480992 | IQ25: #N/A | IR25: #N/A | IS25: #N/A | IT25: #N/A | IU25: 780185376 | IV25: 373300000 | IW25: #N/A | IX25: 2200552824 | IY25: #N/A | IZ25: #N/A | JA25: #N/A | JB25: 666530688 | JC25: #N/A | JD25: #N/A | JE25: #N/A | JF25: #N/A | JG25: #N/A | JH25: 597397216 | JI25: 1575624096 | JJ25: #N/A | JK25: #N/A | JL25: 3006472152 | JM25: 1096688648 | JN25: 218659288 | JO25: #N/A | JP25: 1226429576 | JQ25: 30402356 | JR25: 8913615296 | JS25: #N/A | JT25: #N/A | JU25: #N/A | JV25: #N/A | JW25: #N/A | JX25: 47703784 | JY25: #N/A | JZ25: #N/A | KA25: #N/A | KB25: #N/A | KC25: #N/A | KD25: #N/A | KE25: 1044483648 | KF25: 1110093864 | KG25: #N/A | KH25: #N/A | KI25: #N/A
B26: 42522 | C26: 47859906072 | D26: 8655957832 | E26: 455657288 | F26: 1069848840 | G26: 54563792720 | H26: #N/A | I26: 1295888384 | J26: #N/A | K26: #N/A | L26: #N/A | M26: #N/A | N26: #N/A | O26: #N/A | P26: #N/A | Q26: 1661772624 | R26: #N/A | S26: #N/A | T26: #N/A | U26: #N/A | V26: #N/A | W26: 11504307472 | X26: #N/A | Y26: 4592641416 | Z26: 892180024 | AA26: #N/A | AB26: #N/A | AC26: 2325454656 | AD26: #N/A | AE26: 655109256 | AF26: #N/A | AG26: 4063307912 | AH26: 13595326952 | AI26: #N/A | AJ26: #N/A | AK26: #N/A | AL26: 356267658880 | AM26: #N/A | AN26: #N/A | AO26: 4971775016 | AP26: 10781268352 | AQ26: 156878579008 | AR26: #N/A | AS26: 11775726528 | AT26: #N/A | AU26: 26816398528 | AV26: #N/A | AW26: 2414653624 | AX26: #N/A | AY26: #N/A | AZ26: #N/A | BA26: 21751540416 | BB26: 438534751744 | BC26: 356267658880 | BD26: 341204904000 | BE26: 319470568128 | BF26: 62198631488 | BG26: 87871946240 | BH26: 156878579008 | BI26: 1.2038717e+12 | BJ26: #N/A | BK26: 43776358072 | BL26: 54563792720 | BM26: 20300090144 | BN26: 4362636696 | BO26: #N/A | BP26: #N/A | BQ26: 58783192624 | BR26: 39469945304 | BS26: 23447138816 | BT26: 20226120000 | BU26: 26816398528 | BV26: 10781268352 | BW26: 11504307472 | BX26: 47859906072 | BY26: #N/A | BZ26: #N/A | CA26: 31544304800 | CB26: #N/A | CC26: #N/A | CD26: #N/A | CE26: #N/A | CF26: #N/A | CG26: 7182008112 | CH26: #N/A | CI26: #N/A | CJ26: 4418715632 | CK26: 7229470952 | CL26: 3871380040 | CM26: #N/A | CN26: #N/A | CO26: #N/A | CP26: 4971775016 | CQ26: 2517302840 | CR26: 11775726528 | CS26: 4827150128 | CT26: 44589411456 | CU26: 6168688648 | CV26: 1210741464 | CW26: 13595326952 | CX26: #N/A | CY26: 28677125568 | CZ26: 1.5395728e+11 | DA26: 4693254784 | DB26: #N/A | DC26: 540072248 | DD26: 41665739328 | DE26: 1069848840 | DF26: #N/A | DG26: 2804893376 | DH26: 5769273648 | DI26: 4025359096 | DJ26: #N/A | DK26: 4116553216 | DL26: #N/A | DM26: 814699552 | DN26: 18343924448 | DO26: #N/A | DP26: 5297417472 | DQ26: 655109256 | DR26: #N/A | DS26: #N/A | DT26: 3538254736 | DU26: 6316924576 | DV26: 4260315384 | DW26: 4144510488 | DX26: #N/A | DY26: #N/A | DZ26: 15798392520 | EA26: 2887899872 | EB26: #N/A | EC26: 5747340096 | ED26: 11102474768 | EE26: 1192781712 | EF26: 1812718152 | EG26: 2928852992 | EH26: 2110465440 | EI26: #N/A | EJ26: #N/A | EK26: 1092750392 | EL26: #N/A | EM26: #N/A | EN26: #N/A | EO26: #N/A | EP26: 4825364792 | EQ26: #N/A | ER26: #N/A | ES26: 1544189384 | ET26: #N/A | EU26: 3916615136 | EV26: 3133353296 | EW26: #N/A | EX26: 8655957832 | EY26: #N/A | EZ26: #N/A | FA26: 1661772624 | FB26: 6188816352 | FC26: #N/A | FD26: 3379587456 | FE26: #N/A | FF26: 1548771960 | FG26: #N/A | FH26: #N/A | FI26: 14398136352 | FJ26: 3779149264 | FK26: #N/A | FL26: 586321920 | FM26: #N/A | FN26: 16721479856 | FO26: 7622489656 | FP26: #N/A | FQ26: #N/A | FR26: 104904464 | FS26: #N/A | FT26: #N/A | FU26: 1243610808 | FV26: #N/A | FW26: 1281404672 | FX26: #N/A | FY26: #N/A | FZ26: 886814064 | GA26: 1454328712 | GB26: 2217157448 | GC26: #N/A | GD26: 3612412416 | GE26: 1404167912 | GF26: 2414653624 | GG26: #N/A | GH26: 1812488456 | GI26: #N/A | GJ26: #N/A | GK26: 711705824 | GL26: #N/A | GM26: 3961210784 | GN26: 4733158240 | GO26: #N/A | GP26: #N/A | GQ26: #N/A | GR26: #N/A | GS26: 7212738752 | GT26: #N/A | GU26: #N/A | GV26: #N/A | GW26: #N/A | GX26: #N/A | GY26: #N/A | GZ26: #N/A | HA26: #N/A | HB26: #N/A | HC26: #N/A | HD26: 898720032 | HE26: #N/A | HF26: 806020112 | HG26: 6894059912 | HH26: #N/A | HI26: #N/A | HJ26: #N/A | HK26: 4763063688 | HL26: #N/A | HM26: #N/A | HN26: #N/A | HO26: 360948255 | HP26: #N/A | HQ26: 1831691704 | HR26: #N/A | HS26: #N/A | HT26: #N/A | HU26: 417981488 | HV26: #N/A | HW26: 1364385848 | HX26: #N/A | HY26: #N/A | HZ26: #N/A | IA26: #N/A | IB26: 293036848 | IC26: 903994040 | ID26: 2648615936 | IE26: 811855224 | IF26: #N/A | IG26: #N/A | IH26: #N/A | II26: #N/A | IJ26: #N/A | IK26: 550321600 | IL26: 7430784736 | IM26: 3554067 | IN26: 474429888 | IO26: #N/A | IP26: 1144100344 | IQ26: #N/A | IR26: #N/A | IS26: #N/A | IT26: #N/A | IU26: 674317880 | IV26: 426382936 | IW26: #N/A | IX26: 2341827176 | IY26: #N/A | IZ26: #N/A | JA26: #N/A | JB26: 562524288 | JC26: #N/A | JD26: #N/A | JE26: #N/A | JF26: #N/A | JG26: #N/A | JH26: 523048368 | JI26: 1838087488 | JJ26: #N/A | JK26: #N/A | JL26: 2666332856 | JM26: 1106972400 | JN26: 246338176 | JO26: #N/A | JP26: 1619178008 | JQ26: 29603907 | JR26: 9173056128 | JS26: #N/A | JT26: #N/A | JU26: #N/A | JV26: #N/A | JW26: #N/A | JX26: 53741568 | JY26: #N/A | JZ26: #N/A | KA26: #N/A | KB26: #N/A | KC26: #N/A | KD26: #N/A | KE26: 1127895232 | KF26: 1175050848 | KG26: #N/A | KH26: #N/A | KI26: #N/A
B27: 42552 | C27: 45097070024 | D27: 8845596488 | E27: 468098440 | F27: 1205007240 | G27: 52111243088 | H27: #N/A | I27: 1369404800 | J27: #N/A | K27: #N/A | L27: #N/A | M27: #N/A | N27: #N/A | O27: #N/A | P27: #N/A | Q27: 1410528848 | R27: #N/A | S27: #N/A | T27: #N/A | U27: #N/A | V27: #N/A | W27: 10370224400 | X27: #N/A | Y27: 4813863048 | Z27: 854466296 | AA27: #N/A | AB27: #N/A | AC27: 2398963520 | AD27: #N/A | AE27: 752454408 | AF27: #N/A | AG27: 4163638920 | AH27: 13078964712 | AI27: #N/A | AJ27: #N/A | AK27: #N/A | AL27: 342983478912 | AM27: #N/A | AN27: #N/A | AO27: 4485945384 | AP27: 9580593536 | AQ27: 156685750208 | AR27: #N/A | AS27: 10890009536 | AT27: #N/A | AU27: 28021552320 | AV27: #N/A | AW27: 2565068984 | AX27: #N/A | AY27: #N/A | AZ27: #N/A | BA27: 21671439040 | BB27: 413505340928 | BC27: 342983478912 | BD27: 344149108800 | BE27: 305997284032 | BF27: 77023874240 | BG27: 92298337792 | BH27: 156685750208 | BI27: 1.2686756e+12 | BJ27: #N/A | BK27: 41703392952 | BL27: 52111243088 | BM27: 19819723552 | BN27: 3647518616 | BO27: #N/A | BP27: #N/A | BQ27: 58255525424 | BR27: 42043879896 | BS27: 27521616384 | BT27: 18215392576 | BU27: 28021552320 | BV27: 9580593536 | BW27: 10370224400 | BX27: 45097070024 | BY27: #N/A | BZ27: #N/A | CA27: 30965771936 | CB27: #N/A | CC27: #N/A | CD27: #N/A | CE27: #N/A | CF27: #N/A | CG27: 7453777200 | CH27: #N/A | CI27: #N/A | CJ27: 4139945712 | CK27: 7121160424 | CL27: 3755082312 | CM27: #N/A | CN27: #N/A | CO27: #N/A | CP27: 4485945384 | CQ27: 2472176696 | CR27: 10890009536 | CS27: 4048549168 | CT27: 42286227328 | CU27: 6162340360 | CV27: 1226842456 | CW27: 13078964712 | CX27: #N/A | CY27: 28343944640 | CZ27: 1.3978737e+11 | DA27: 4632530560 | DB27: #N/A | DC27: 553777848 | DD27: 39290165824 | DE27: 1205007240 | DF27: #N/A | DG27: 2727184320 | DH27: 5594756912 | DI27: 4067138296 | DJ27: #N/A | DK27: 3600290432 | DL27: #N/A | DM27: 741998624 | DN27: 17913015008 | DO27: #N/A | DP27: 6534713088 | DQ27: 752454408 | DR27: #N/A | DS27: #N/A | DT27: 3376707472 | DU27: 6393885344 | DV27: 5455084024 | DW27: 4170785304 | DX27: #N/A | DY27: #N/A | DZ27: 15064799944 | EA27: 2882964704 | EB27: #N/A | EC27: 6118494016 | ED27: 10196484624 | EE27: 1106637840 | EF27: 1837296840 | EG27: 3069308800 | EH27: 2187802784 | EI27: #N/A | EJ27: 2935572800 | EK27: 1084460856 | EL27: #N/A | EM27: #N/A | EN27: #N/A | EO27: #N/A | EP27: 6121566008 | EQ27: #N/A | ER27: #N/A | ES27: 1684190408 | ET27: #N/A | EU27: 3543127520 | EV27: 2914789200 | EW27: #N/A | EX27: 8845596488 | EY27: #N/A | EZ27: #N/A | FA27: 1410528848 | FB27: 5880340448 | FC27: #N/A | FD27: 3507161984 | FE27: #N/A | FF27: 1935341944 | FG27: #N/A | FH27: #N/A | FI27: 13420955680 | FJ27: 3880015824 | FK27: #N/A | FL27: 521834304 | FM27: #N/A | FN27: 15466131632 | FO27: 7269195320 | FP27: #N/A | FQ27: #N/A | FR27: 98968144 | FS27: #N/A | FT27: #N/A | FU27: 1136424888 | FV27: #N/A | FW27: 1150938048 | FX27: #N/A | FY27: #N/A | FZ27: 889379632 | GA27: 1411910152 | GB27: 2342340040 | GC27: #N/A | GD27: 3685394944 | GE27: 1627120440 | GF27: 2565068984 | GG27: #N/A | GH27: 2134877192 | GI27: #N/A | GJ27: #N/A | GK27: 707473568 | GL27: #N/A | GM27: 3561743008 | GN27: 4536192352 | GO27: #N/A | GP27: #N/A | GQ27: #N/A | GR27: #N/A | GS27: 6322855104 | GT27: #N/A | GU27: #N/A | GV27: #N/A | GW27: #N/A | GX27: #N/A | GY27: #N/A | GZ27: #N/A | HA27: #N/A | HB27: #N/A | HC27: #N/A | HD27: 906283360 | HE27: #N/A | HF27: 835419152 | HG27: 7100489352 | HH27: #N/A | HI27: #N/A | HJ27: #N/A | HK27: 4834699912 | HL27: #N/A | HM27: #N/A | HN27: #N/A | HO27: 287590463 | HP27: #N/A | HQ27: 1806452664 | HR27: #N/A | HS27: #N/A | HT27: #N/A | HU27: 414882928 | HV27: #N/A | HW27: 1341527096 | HX27: #N/A | HY27: #N/A | HZ27: #N/A | IA27: #N/A | IB27: 327040144 | IC27: 989116728 | ID27: 2466717824 | IE27: 853270904 | IF27: #N/A | IG27: #N/A | IH27: #N/A | II27: #N/A | IJ27: #N/A | IK27: 536166784 | IL27: 7485720800 | IM27: 14467095 | IN27: 498636544 | IO27: #N/A | IP27: 1005525944 | IQ27: #N/A | IR27: #N/A | IS27: #N/A | IT27: #N/A | IU27: 682802904 | IV27: 442747992 | IW27: #N/A | IX27: 1605898984 | IY27: #N/A | IZ27: #N/A | JA27: #N/A | JB27: 587776400 | JC27: #N/A | JD27: #N/A | JE27: #N/A | JF27: #N/A | JG27: #N/A | JH27: 613151216 | JI27: 1600084416 | JJ27: #N/A | JK27: #N/A | JL27: 2767319992 | JM27: 1090027184 | JN27: 208754832 | JO27: #N/A | JP27: 1941906840 | JQ27: 32955949 | JR27: 8816075392 | JS27: #N/A | JT27: #N/A | JU27: #N/A | JV27: #N/A | JW27: #N/A | JX27: 52764316 | JY27: #N/A | JZ27: #N/A | KA27: #N/A | KB27: #N/A | KC27: #N/A | KD27: #N/A | KE27: 1226241984 | KF27: 997980896 | KG27: #N/A | KH27: #N/A | KI27: #N/A
B28: 42583 | C28: 46292966856 | D28: 7913975872 | E28: 521533096 | F28: 1429570184 | G28: 52917466960 | H28: #N/A | I28: 1641650816 | J28: #N/A | K28: #N/A | L28: #N/A | M28: #N/A | N28: #N/A | O28: #N/A | P28: #N/A | Q28: 1775688400 | R28: #N/A | S28: #N/A | T28: #N/A | U28: #N/A | V28: #N/A | W28: 11916306536 | X28: #N/A | Y28: 5068496840 | Z28: 895322936 | AA28: #N/A | AB28: #N/A | AC28: 2718675776 | AD28: #N/A | AE28: 995529352 | AF28: #N/A | AG28: 4700001416 | AH28: 14733765096 | AI28: #N/A | AJ28: #N/A | AK28: #N/A | AL28: 381347517888 | AM28: #N/A | AN28: #N/A | AO28: 4997974016 | AP28: 10244548992 | AQ28: 157881339840 | AR28: #N/A | AS28: 12103152576 | AT28: #N/A | AU28: 27727301824 | AV28: #N/A | AW28: 2819157176 | AX28: #N/A | AY28: #N/A | AZ28: #N/A | BA28: 27048819392 | BB28: 465301969344 | BC28: 381347517888 | BD28: 365285218816 | BE28: 333641811648 | BF28: 80698244288 | BG28: 97233089088 | BH28: 157881339840 | BI28: 1.3434888e+12 | BJ28: #N/A | BK28: 40997674536 | BL28: 52917466960 | BM28: 20355763040 | BN28: 4228123032 | BO28: #N/A | BP28: #N/A | BQ28: 62659032624 | BR28: 43261233624 | BS28: 29014055360 | BT28: 20193061056 | BU28: 27727301824 | BV28: 10244548992 | BW28: 11916306536 | BX28: 46292966856 | BY28: #N/A | BZ28: #N/A | CA28: 32791859048 | CB28: #N/A | CC28: #N/A | CD28: #N/A | CE28: #N/A | CF28: #N/A | CG28: 7572201264 | CH28: #N/A | CI28: #N/A | CJ28: 4532424432 | CK28: 7048741432 | CL28: 4090381896 | CM28: #N/A | CN28: #N/A | CO28: #N/A | CP28: 4997974016 | CQ28: 2705187136 | CR28: 12103152576 | CS28: 4934956336 | CT28: 43795824512 | CU28: 6818338568 | CV28: 1135321672 | CW28: 14733765096 | CX28: #N/A | CY28: 36249838080 | CZ28: 1.487886e+11 | DA28: 4926133376 | DB28: #N/A | DC28: 666927272 | DD28: 39771381440 | DE28: 1429570184 | DF28: #N/A | DG28: 3038930112 | DH28: 6478451264 | DI28: 4490081600 | DJ28: #N/A | DK28: 3945717216 | DL28: #N/A | DM28: 947984672 | DN28: 19482416104 | DO28: #N/A | DP28: 7625168128 | DQ28: 995529352 | DR28: #N/A | DS28: #N/A | DT28: 3263215504 | DU28: 5727465120 | DV28: 6206738424 | DW28: 4262302440 | DX28: #N/A | DY28: #N/A | DZ28: 16702717640 | EA28: 3018682592 | EB28: #N/A | EC28: 6782852416 | ED28: 9600269256 | EE28: 960967568 | EF28: 2088798920 | EG28: 3558275520 | EH28: 2347193888 | EI28: #N/A | EJ28: 3430232128 | EK28: 1147893944 | EL28: #N/A | EM28: #N/A | EN28: #N/A | EO28: #N/A | EP28: 6858825528 | EQ28: #N/A | ER28: #N/A | ES28: 1959587016 | ET28: #N/A | EU28: 4082127840 | EV28: 3446797904 | EW28: #N/A | EX28: 7913975872 | EY28: #N/A | EZ28: #N/A | FA28: 1775688400 | FB28: 5732008928 | FC28: #N/A | FD28: 3653543552 | FE28: #N/A | FF28: 2186955640 | FG28: #N/A | FH28: #N/A | FI28: 16483980320 | FJ28: 3888718800 | FK28: #N/A | FL28: 559776640 | FM28: #N/A | FN28: 15783941296 | FO28: 7358774680 | FP28: #N/A | FQ28: #N/A | FR28: 105095968 | FS28: #N/A | FT28: 389696888 | FU28: 1287518264 | FV28: #N/A | FW28: 1103307328 | FX28: #N/A | FY28: #N/A | FZ28: 830574832 | GA28: 1371082248 | GB28: 2476393800 | GC28: #N/A | GD28: 3749463552 | GE28: 1564966968 | GF28: 2819157176 | GG28: #N/A | GH28: 2200171016 | GI28: #N/A | GJ28: #N/A | GK28: 806134400 | GL28: #N/A | GM28: 3638621600 | GN28: 4712500576 | GO28: #N/A | GP28: #N/A | GQ28: #N/A | GR28: #N/A | GS28: 6961035200 | GT28: #N/A | GU28: #N/A | GV28: #N/A | GW28: #N/A | GX28: #N/A | GY28: #N/A | GZ28: #N/A | HA28: #N/A | HB28: #N/A | HC28: #N/A | HD28: 928973328 | HE28: #N/A | HF28: 1084180752 | HG28: 7522219392 | HH28: #N/A | HI28: #N/A | HJ28: #N/A | HK28: 4851415176 | HL28: #N/A | HM28: #N/A | HN28: 478420184 | HO28: 256073759 | HP28: #N/A | HQ28: 1654253080 | HR28: #N/A | HS28: #N/A | HT28: #N/A | HU28: 428006192 | HV28: #N/A | HW28: 1428607928 | HX28: #N/A | HY28: #N/A | HZ28: #N/A | IA28: #N/A | IB28: 342673840 | IC28: 1087184312 | ID28: 2775709824 | IE28: 1075409400 | IF28: #N/A | IG28: #N/A | IH28: #N/A | II28: #N/A | IJ28: #N/A | IK28: 567097600 | IL28: 7628554976 | IM28: 14011307 | IN28: 488000256 | IO28: #N/A | IP28: 1147321528 | IQ28: #N/A | IR28: #N/A | IS28: #N/A | IT28: #N/A | IU28: 688086936 | IV28: 452976152 | IW28: #N/A | IX28: 2067122280 | IY28: #N/A | IZ28: #N/A | JA28: #N/A | JB28: 597300048 | JC28: #N/A | JD28: #N/A | JE28: #N/A | JF28: #N/A | JG28: #N/A | JH28: 536722032 | JI28: 1667159872 | JJ28: #N/A | JK28: #N/A | JL28: 2383752368 | JM28: 1155049648 | JN28: 264761360 | JO28: #N/A | JP28: 2061209496 | JQ28: 30931831 | JR28: 9666999936 | JS28: #N/A | JT28: #N/A | JU28: #N/A | JV28: #N/A | JW28: #N/A | JX28: 59046656 | JY28: #N/A | JZ28: #N/A | KA28: #N/A | KB28: #N/A | KC28: #N/A | KD28: #N/A | KE28: 1368071552 | KF28: 971334496 | KG28: #N/A | KH28: #N/A | KI28: #N/A
B29: 42614 | C29: 48874114504 | D29: 8651107392 | E29: 595211768 | F29: 1314437384 | G29: 52075334360 | H29: #N/A | I29: 1541268752 | J29: #N/A | K29: #N/A | L29: #N/A | M29: #N/A | N29: #N/A | O29: #N/A | P29: #N/A | Q29: 1867464232 | R29: #N/A | S29: #N/A | T29: #N/A | U29: #N/A | V29: #N/A | W29: 11857176680 | X29: #N/A | Y29: 5363611592 | Z29: 1025462432 | AA29: #N/A | AB29: #N/A | AC29: 3527753936 | AD29: #N/A | AE29: 1524482800 | AF29: #N/A | AG29: 4942019656 | AH29: 15767185624 | AI29: #N/A | AJ29: #N/A | AK29: #N/A | AL29: 389217965504 | AM29: #N/A | AN29: #N/A | AO29: 5342513664 | AP29: 11173308736 | AQ29: 157922561984 | AR29: #N/A | AS29: 13867628512 | AT29: #N/A | AU29: 28896760832 | AV29: #N/A | AW29: 3020471960 | AX29: #N/A | AY29: #N/A | AZ29: #N/A | BA29: 30414249792 | BB29: 455506948800 | BC29: 389217965504 | BD29: 366650563072 | BE29: 338982504128 | BF29: 84827386432 | BG29: 90665226816 | BH29: 157922561984 | BI29: 1.6206379e+12 | BJ29: #N/A | BK29: 42288135720 | BL29: 52075334360 | BM29: 21292301152 | BN29: 4733275616 | BO29: #N/A | BP29: #N/A | BQ29: 65046412376 | BR29: 41738167488 | BS29: 26504341952 | BT29: 20317238464 | BU29: 28896760832 | BV29: 11173308736 | BW29: 11857176680 | BX29: 48874114504 | BY29: #N/A | BZ29: #N/A | CA29: 33656400048 | CB29: #N/A | CC29: #N/A | CD29: #N/A | CE29: #N/A | CF29: #N/A | CG29: 8137822888 | CH29: #N/A | CI29: #N/A | CJ29: 4846160920 | CK29: 7446322744 | CL29: 4135758664 | CM29: #N/A | CN29: #N/A | CO29: #N/A | CP29: 5342513664 | CQ29: 2900764736 | CR29: 13867628512 | CS29: 4936415496 | CT29: 45006385024 | CU29: 7119655464 | CV29: 1069423368 | CW29: 15767185624 | CX29: #N/A | CY29: 37243372032 | CZ29: 1.7004183e+11 | DA29: 4833300416 | DB29: #N/A | DC29: 723017384 | DD29: 39493787328 | DE29: 1314437384 | DF29: #N/A | DG29: 3697837368 | DH29: 6474389056 | DI29: 4481750848 | DJ29: #N/A | DK29: 4256576736 | DL29: #N/A | DM29: 1012633400 | DN29: 18866771944 | DO29: #N/A | DP29: 7577366400 | DQ29: 1524482800 | DR29: #N/A | DS29: #N/A | DT29: 2500692056 | DU29: 6519414944 | DV29: 5515806376 | DW29: 4539582696 | DX29: #N/A | DY29: #N/A | DZ29: 15198815584 | EA29: 3488409160 | EB29: #N/A | EC29: 7214849704 | ED29: 9752433608 | EE29: 990062376 | EF29: 2498332472 | EG29: 3500375232 | EH29: 2214344864 | EI29: #N/A | EJ29: 4337515760 | EK29: 1196766168 | EL29: 1135196632 | EM29: #N/A | EN29: #N/A | EO29: #N/A | EP29: 5963418600 | EQ29: #N/A | ER29: #N/A | ES29: 2034580264 | ET29: #N/A | EU29: 3960853064 | EV29: 3066301000 | EW29: #N/A | EX29: 8651107392 | EY29: #N/A | EZ29: #N/A | FA29: 1867464232 | FB29: 6102470144 | FC29: #N/A | FD29: 3299859360 | FE29: #N/A | FF29: 2682133248 | FG29: #N/A | FH29: #N/A | FI29: 16423563472 | FJ29: 3910475728 | FK29: #N/A | FL29: 644269888 | FM29: #N/A | FN29: 14821577048 | FO29: 7633876376 | FP29: #N/A | FQ29: #N/A | FR29: 100081530 | FS29: #N/A | FT29: 437934552 | FU29: 1268406304 | FV29: #N/A | FW29: 1163903704 | FX29: #N/A | FY29: #N/A | FZ29: 940351576 | GA29: 1480194816 | GB29: 2506835112 | GC29: #N/A | GD29: 4019024464 | GE29: 1754912440 | GF29: 3020471960 | GG29: #N/A | GH29: 2202287360 | GI29: #N/A | GJ29: #N/A | GK29: 813925696 | GL29: #N/A | GM29: 3534389240 | GN29: 4816092768 | GO29: #N/A | GP29: #N/A | GQ29: #N/A | GR29: #N/A | GS29: 7298032320 | GT29: #N/A | GU29: #N/A | GV29: #N/A | GW29: #N/A | GX29: #N/A | GY29: #N/A | GZ29: #N/A | HA29: #N/A | HB29: #N/A | HC29: #N/A | HD29: 952840080 | HE29: #N/A | HF29: 1301603976 | HG29: 7446505600 | HH29: #N/A | HI29: #N/A | HJ29: #N/A | HK29: 4901222744 | HL29: #N/A | HM29: #N/A | HN29: 611730696 | HO29: 300345021 | HP29: #N/A | HQ29: 1776493592 | HR29: #N/A | HS29: #N/A | HT29: #N/A | HU29: 490758480 | HV29: #N/A | HW29: 1279873216 | HX29: #N/A | HY29: #N/A | HZ29: #N/A | IA29: #N/A | IB29: 312931432 | IC29: 1036884800 | ID29: 2935253376 | IE29: 1120622072 | IF29: #N/A | IG29: #N/A | IH29: #N/A | II29: #N/A | IJ29: #N/A | IK29: 676378536 | IL29: 7921718752 | IM29: 34301307 | IN29: 423132048 | IO29: #N/A | IP29: 1282544208 | IQ29: #N/A | IR29: #N/A | IS29: #N/A | IT29: #N/A | IU29: 594078352 | IV29: 481473928 | IW29: #N/A | IX29: 2221790856 | IY29: #N/A | IZ29: #N/A | JA29: #N/A | JB29: 758088680 | JC29: #N/A | JD29: #N/A | JE29: #N/A | JF29: #N/A | JG29: #N/A | JH29: 364866264 | JI29: 1597417248 | JJ29: #N/A | JK29: #N/A | JL29: 2518090672 | JM29: 1327544680 | JN29: 298877240 | JO29: #N/A | JP29: 2603677048 | JQ29: 34118183 | JR29: 8132729408 | JS29: #N/A | JT29: #N/A | JU29: #N/A | JV29: #N/A | JW29: #N/A | JX29: 97304072 | JY29: #N/A | JZ29: #N/A | KA29: #N/A | KB29: #N/A | KC29: #N/A | KD29: #N/A | KE29: 1520284288 | KF29: 1367473328 | KG29: #N/A | KH29: #N/A | KI29: #N/A
B30: 42644 | C30: 51439211880 | D30: 8287680576 | E30: 631886200 | F30: 1406297736 | G30: 48938031832 | H30: #N/A | I30: 1404977808 | J30: #N/A | K30: #N/A | L30: #N/A | M30: #N/A | N30: #N/A | O30: #N/A | P30: #N/A | Q30: 1920130088 | R30: #N/A | S30: #N/A | T30: #N/A | U30: #N/A | V30: #N/A | W30: 12704352360 | X30: #N/A | Y30: 5532596680 | Z30: 1136535328 | AA30: #N/A | AB30: #N/A | AC30: 3729376720 | AD30: #N/A | AE30: 1524482800 | AF30: #N/A | AG30: 5142350920 | AH30: 16699164888 | AI30: #N/A | AJ30: #N/A | AK30: #N/A | AL30: 389295887808 | AM30: #N/A | AN30: #N/A | AO30: 5392593408 | AP30: 13045003584 | AQ30: 147326710848 | AR30: #N/A | AS30: 14968217568 | AT30: #N/A | AU30: 28295764992 | AV30: #N/A | AW30: 2947483288 | AX30: #N/A | AY30: #N/A | AZ30: #N/A | BA30: 33287200576 | BB30: 462680552128 | BC30: 389295887808 | BD30: 398266505728 | BE30: 345012274880 | BF30: 83332284992 | BG30: 94009872960 | BH30: 147326710848 | BI30: 1.7589185e+12 | BJ30: #N/A | BK30: 42789744168 | BL30: 48938031832 | BM30: 22091897696 | BN30: 5144941024 | BO30: #N/A | BP30: #N/A | BQ30: 67661102168 | BR30: 41144028352 | BS30: 26430060992 | BT30: 20370578624 | BU30: 28295764992 | BV30: 13045003584 | BW30: 12704352360 | BX30: 51439211880 | BY30: #N/A | BZ30: #N/A | CA30: 33425072304 | CB30: #N/A | CC30: #N/A | CD30: #N/A | CE30: #N/A | CF30: #N/A | CG30: 8169603752 | CH30: #N/A | CI30: #N/A | CJ30: 4698380312 | CK30: 7452169272 | CL30: 4475664968 | CM30: #N/A | CN30: #N/A | CO30: #N/A | CP30: 5392593408 | CQ30: 3015762496 | CR30: 14968217568 | CS30: 4830117128 | CT30: 45132496576 | CU30: 6799964712 | CV30: 1098628296 | CW30: 16699164888 | CX30: #N/A | CY30: 38112723456 | CZ30: 1.7360333e+11 | DA30: 4956512960 | DB30: #N/A | DC30: 737039848 | DD30: 44490432192 | DE30: 1406297736 | DF30: #N/A | DG30: 3581637432 | DH30: 6618579520 | DI30: 4316370496 | DJ30: #N/A | DK30: 4302894048 | DL30: #N/A | DM30: 1049751352 | DN30: 19404860392 | DO30: #N/A | DP30: 7237637504 | DQ30: 1524482800 | DR30: #N/A | DS30: #N/A | DT30: 2608169560 | DU30: 6961643168 | DV30: 5624127656 | DW30: 4508227048 | DX30: #N/A | DY30: #N/A | DZ30: 17733095776 | EA30: 3513940808 | EB30: #N/A | EC30: 7102845608 | ED30: 9866120136 | EE30: 1049909800 | EF30: 2411285304 | EG30: 3627827392 | EH30: 2452535200 | EI30: #N/A | EJ30: 5181521648 | EK30: 1390819032 | EL30: 1170064536 | EM30: #N/A | EN30: #N/A | EO30: #N/A | EP30: 6040403944 | EQ30: #N/A | ER30: #N/A | ES30: 2219976232 | ET30: #N/A | EU30: 4005963848 | EV30: 3073100616 | EW30: #N/A | EX30: 8287680576 | EY30: 1222632000 | EZ30: #N/A | FA30: 1920130088 | FB30: 6417999360 | FC30: #N/A | FD30: 3255549088 | FE30: #N/A | FF30: 3013802240 | FG30: #N/A | FH30: #N/A | FI30: 15967575248 | FJ30: 3754407736 | FK30: #N/A | FL30: 680583520 | FM30: #N/A | FN30: 14969201496 | FO30: 7656040856 | FP30: 5337411072 | FQ30: #N/A | FR30: 112145658 | FS30: #N/A | FT30: 468758520 | FU30: 1541470112 | FV30: #N/A | FW30: 1220866328 | FX30: #N/A | FY30: #N/A | FZ30: 916794392 | GA30: 1490779776 | GB30: 2425123112 | GC30: #N/A | GD30: 3855899216 | GE30: 2070122232 | GF30: 2947483288 | GG30: #N/A | GH30: 2187963392 | GI30: #N/A | GJ30: #N/A | GK30: 822915712 | GL30: #N/A | GM30: 3268707832 | GN30: 4766146400 | GO30: #N/A | GP30: #N/A | GQ30: #N/A | GR30: #N/A | GS30: 7125705920 | GT30: #N/A | GU30: #N/A | GV30: #N/A | GW30: #N/A | GX30: #N/A | GY30: #N/A | GZ30: #N/A | HA30: #N/A | HB30: #N/A | HC30: #N/A | HD30: 983949776 | HE30: #N/A | HF30: 1358474888 | HG30: 7678235520 | HH30: #N/A | HI30: #N/A | HJ30: #N/A | HK30: 4834104408 | HL30: #N/A | HM30: #N/A | HN30: 823299976 | HO30: 367326685 | HP30: #N/A | HQ30: 1589543080 | HR30: #N/A | HS30: #N/A | HT30: #N/A | HU30: 504404048 | HV30: #N/A | HW30: 1247176384 | HX30: #N/A | HY30: #N/A | HZ30: #N/A | IA30: #N/A | IB30: 385926408 | IC30: 1044442944 | ID30: 3094796928 | IE30: 1131222264 | IF30: #N/A | IG30: #N/A | IH30: #N/A | II30: #N/A | IJ30: #N/A | IK30: 685878888 | IL30: 8041725408 | IM30: 45074491 | IN30: 644620752 | IO30: #N/A | IP30: 1286545616 | IQ30: #N/A | IR30: #N/A | IS30: #N/A | IT30: #N/A | IU30: 589881264 | IV30: 486591752 | IW30: #N/A | IX30: 2405757832 | IY30: #N/A | IZ30: #N/A | JA30: #N/A | JB30: 759549672 | JC30: #N/A | JD30: #N/A | JE30: #N/A | JF30: #N/A | JG30: #N/A | JH30: 309801048 | JI30: 1656294560 | JJ30: #N/A | JK30: #N/A | JL30: 2446553520 | JM30: 1390202728 | JN30: 317302360 | JO30: #N/A | JP30: 2858553976 | JQ30: 38388815 | JR30: 8403653184 | JS30: #N/A | JT30: #N/A | JU30: #N/A | JV30: #N/A | JW30: #N/A | JX30: 86702520 | JY30: #N/A | JZ30: #N/A | KA30: #N/A | KB30: #N/A | KC30: #N/A | KD30: #N/A | KE30: 1629051392 | KF30: 1239069936 | KG30: #N/A | KH30: #N/A | KI30: #N/A
B31: 42675 | C31: 50608846184 | D31: 10854329616 | E31: 617081848 | F31: 1093137416 | G31: 51760233176 | H31: #N/A | I31: 1286814352 | J31: #N/A | K31: #N/A | L31: #N/A | M31: #N/A | N31: #N/A | O31: #N/A | P31: #N/A | Q31: 1707345832 | R31: #N/A | S31: #N/A | T31: #N/A | U31: #N/A | V31: #N/A | W31: 13985804672 | X31: #N/A | Y31: 5710506416 | Z31: 1094440864 | AA31: #N/A | AB31: #N/A | AC31: 3474070992 | AD31: #N/A | AE31: 1302911808 | AF31: #N/A | AG31: 4765105736 | AH31: 15359894744 | AI31: #N/A | AJ31: #N/A | AK31: #N/A | AL31: 402723959680 | AM31: #N/A | AN31: #N/A | AO31: 4454142992 | AP31: 12416387392 | AQ31: 143960093760 | AR31: #N/A | AS31: 14473396192 | AT31: #N/A | AU31: 27619968000 | AV31: #N/A | AW31: 3066586384 | AX31: #N/A | AY31: #N/A | AZ31: #N/A | BA31: 33570750272 | BB31: 466418770048 | BC31: 402723959680 | BD31: 373841519168 | BE31: 348544009920 | BF31: 81854218816 | BG31: 85714740928 | BH31: 143960093760 | BI31: 1.7054104e+12 | BJ31: #N/A | BK31: 53944292080 | BL31: 51760233176 | BM31: 22384295008 | BN31: 5081532896 | BO31: #N/A | BP31: #N/A | BQ31: 67439172696 | BR31: 38509774016 | BS31: 26085965312 | BT31: 18112571136 | BU31: 27619968000 | BV31: 12416387392 | BW31: 13985804672 | BX31: 50608846184 | BY31: #N/A | BZ31: #N/A | CA31: 32370392624 | CB31: #N/A | CC31: #N/A | CD31: #N/A | CE31: #N/A | CF31: #N/A | CG31: 8010697384 | CH31: #N/A | CI31: #N/A | CJ31: 4632190904 | CK31: 7374190248 | CL31: 4530050120 | CM31: #N/A | CN31: #N/A | CO31: #N/A | CP31: 4454142992 | CQ31: 2838189608 | CR31: 14473396192 | CS31: 2191512584 | CT31: 46048927424 | CU31: 6533202728 | CV31: 1044418016 | CW31: 15359894744 | CX31: #N/A | CY31: 32712751744 | CZ31: 1.6514671e+11 | DA31: 4875185344 | DB31: #N/A | DC31: 655920176 | DD31: 43697070912 | DE31: 1093137416 | DF31: #N/A | DG31: 3269010216 | DH31: 6523129920 | DI31: 4079407424 | DJ31: #N/A | DK31: 4443626976 | DL31: #N/A | DM31: 1009603320 | DN31: 21862155856 | DO31: #N/A | DP31: 6458823264 | DQ31: 1302911808 | DR31: #N/A | DS31: #N/A | DT31: 2767850584 | DU31: 7540815968 | DV31: 5117906088 | DW31: 4212502504 | DX31: #N/A | DY31: #N/A | DZ31: 16887163368 | EA31: 3366515528 | EB31: #N/A | EC31: 6603465384 | ED31: 10826461032 | EE31: 1061054528 | EF31: 2165606072 | EG31: 3234740192 | EH31: 2020137824 | EI31: #N/A | EJ31: 2826937584 | EK31: 1157145176 | EL31: 1139540120 | EM31: #N/A | EN31: #N/A | EO31: #N/A | EP31: 5720031544 | EQ31: #N/A | ER31: #N/A | ES31: 1914399016 | ET31: #N/A | EU31: 3484586312 | EV31: 2471335496 | EW31: #N/A | EX31: 10854329616 | EY31: 1070864704 | EZ31: #N/A | FA31: 1707345832 | FB31: 6543884288 | FC31: #N/A | FD31: 3101825696 | FE31: #N/A | FF31: 2596912640 | FG31: #N/A | FH31: #N/A | FI31: 13766175728 | FJ31: 3632082488 | FK31: #N/A | FL31: 609701248 | FM31: #N/A | FN31: 14969201496 | FO31: 6862474576 | FP31: 3628712448 | FQ31: #N/A | FR31: 98166586 | FS31: #N/A | FT31: 494759736 | FU31: 1072991136 | FV31: #N/A | FW31: 1158725272 | FX31: #N/A | FY31: #N/A | FZ31: 903988360 | GA31: 1502952448 | GB31: 2514330392 | GC31: #N/A | GD31: 4125035192 | GE31: 1749939192 | GF31: 3066586384 | GG31: #N/A | GH31: 2154837504 | GI31: #N/A | GJ31: #N/A | GK31: 722280704 | GL31: #N/A | GM31: 3480956152 | GN31: 4750184576 | GO31: #N/A | GP31: #N/A | GQ31: #N/A | GR31: #N/A | GS31: 7328532992 | GT31: #N/A | GU31: #N/A | GV31: #N/A | GW31: #N/A | GX31: #N/A | GY31: #N/A | GZ31: #N/A | HA31: #N/A | HB31: #N/A | HC31: #N/A | HD31: 956090352 | HE31: #N/A | HF31: 1214473472 | HG31: 7413569984 | HH31: #N/A | HI31: #N/A | HJ31: #N/A | HK31: 4817404480 | HL31: #N/A | HM31: #N/A | HN31: 579214376 | HO31: 250789501 | HP31: #N/A | HQ31: 1570615976 | HR31: #N/A | HS31: #N/A | HT31: #N/A | HU31: 490919024 | HV31: #N/A | HW31: 1135644096 | HX31: #N/A | HY31: #N/A | HZ31: #N/A | IA31: #N/A | IB31: 333542512 | IC31: 1020177472 | ID31: 3093672768 | IE31: 1369787136 | IF31: #N/A | IG31: #N/A | IH31: #N/A | II31: #N/A | IJ31: #N/A | IK31: 646294120 | IL31: 7884475360 | IM31: 40930963 | IN31: 512388688 | IO31: #N/A | IP31: 1098166800 | IQ31: #N/A | IR31: #N/A | IS31: #N/A | IT31: 1130765872 | IU31: 590143568 | IV31: 436778472 | IW31: #N/A | IX31: 1983008392 | IY31: #N/A | IZ31: #N/A | JA31: #N/A | JB31: 705320776 | JC31: #N/A | JD31: #N/A | JE31: #N/A | JF31: #N/A | JG31: #N/A | JH31: 225126712 | JI31: 1667108768 | JJ31: #N/A | JK31: #N/A | JL31: 2631132568 | JM31: 1347642536 | JN31: 295192216 | JO31: #N/A | JP31: 2137170808 | JQ31: 33102901 | JR31: 8445894208 | JS31: #N/A | JT31: #N/A | JU31: #N/A | JV31: #N/A | JW31: #N/A | JX31: 89878776 | JY31: #N/A | JZ31: #N/A | KA31: #N/A | KB31: #N/A | KC31: #N/A | KD31: #N/A | KE31: 1221938240 | KF31: 1133072432 | KG31: #N/A | KH31: #N/A | KI31: #N/A
B32: 42705 | C32: 46949254504 | D32: 9961871632 | E32: 705173624 | F32: 1353083992 | G32: 47749321896 | H32: #N/A | I32: 1349857160 | J32: #N/A | K32: #N/A | L32: #N/A | M32: #N/A | N32: #N/A | O32: #N/A | P32: #N/A | Q32: 1765368232 | R32: #N/A | S32: #N/A | T32: #N/A | U32: #N/A | V32: #N/A | W32: 12489340288 | X32: #N/A | Y32: 5785356208 | Z32: 919684056 | AA32: #N/A | AB32: #N/A | AC32: 3132630760 | AD32: #N/A | AE32: 1391865408 | AF32: #N/A | AG32: 5466551384 | AH32: 14852151488 | AI32: #N/A | AJ32: #N/A | AK32: #N/A | AL32: 398058746752 | AM32: #N/A | AN32: #N/A | AO32: 3996375568 | AP32: 10292195520 | AQ32: 144945443904 | AR32: #N/A | AS32: 14471350912 | AT32: #N/A | AU32: 29018522624 | AV32: #N/A | AW32: 2516937232 | AX32: #N/A | AY32: #N/A | AZ32: #N/A | BA32: 43615959680 | BB32: 441630466176 | BC32: 398058746752 | BD32: 353998594624 | BE32: 306406244608 | BF32: 79466267200 | BG32: 77976061632 | BH32: 144945443904 | BI32: 1.5287241e+12 | BJ32: #N/A | BK32: 51335090928 | BL32: 47749321896 | BM32: 22590147680 | BN32: 5790415880 | BO32: #N/A | BP32: #N/A | BQ32: 66681797824 | BR32: 37139512672 | BS32: 23071305216 | BT32: 19895100160 | BU32: 29018522624 | BV32: 10292195520 | BW32: 12489340288 | BX32: 46949254504 | BY32: #N/A | BZ32: #N/A | CA32: 33942369272 | CB32: #N/A | CC32: #N/A | CD32: #N/A | CE32: #N/A | CF32: #N/A | CG32: 7689786760 | CH32: #N/A | CI32: #N/A | CJ32: 4906632696 | CK32: 7379924648 | CL32: 5539131736 | CM32: #N/A | CN32: #N/A | CO32: #N/A | CP32: 3996375568 | CQ32: 2852486952 | CR32: 14471350912 | CS32: 2679052800 | CT32: 45140352704 | CU32: 7231324824 | CV32: 1200697312 | CW32: 14852151488 | CX32: #N/A | CY32: 31606004352 | CZ32: 1.6179123e+11 | DA32: 5496383680 | DB32: #N/A | DC32: 684761648 | DD32: 39835804480 | DE32: 1353083992 | DF32: #N/A | DG32: 3962626400 | DH32: 7135111144 | DI32: 3979737744 | DJ32: #N/A | DK32: 5378884112 | DL32: #N/A | DM32: 1197242256 | DN32: 21265036880 | DO32: #N/A | DP32: 5226460768 | DQ32: 1391865408 | DR32: #N/A | DS32: #N/A | DT32: 1.8288928e+09 | DU32: 8037360736 | DV32: 5096807800 | DW32: 4860606104 | DX32: #N/A | DY32: #N/A | DZ32: 18752177640 | EA32: 4134591464 | EB32: #N/A | EC32: 7537970944 | ED32: 10513387368 | EE32: 1208767936 | EF32: 1929180416 | EG32: 3712847840 | EH32: 2210334560 | EI32: #N/A | EJ32: 2524580376 | EK32: 1279383896 | EL32: 1419117328 | EM32: #N/A | EN32: #N/A | EO32: #N/A | EP32: 5889840440 | EQ32: #N/A | ER32: #N/A | ES32: 1726739112 | ET32: #N/A | EU32: 3401536176 | EV32: 2850673928 | EW32: #N/A | EX32: 9961871632 | EY32: 934068232 | EZ32: 95913773 | FA32: 1765368232 | FB32: 6274314112 | FC32: #N/A | FD32: 3051883344 | FE32: #N/A | FF32: 4603428648 | FG32: #N/A | FH32: #N/A | FI32: 13972503536 | FJ32: 3431899024 | FK32: #N/A | FL32: 748062144 | FM32: #N/A | FN32: 15052670016 | FO32: 7872173904 | FP32: 3503189184 | FQ32: #N/A | FR32: 85821052 | FS32: #N/A | FT32: 493185744 | FU32: 1445318440 | FV32: #N/A | FW32: 1336977664 | FX32: #N/A | FY32: #N/A | FZ32: 1058572872 | GA32: 1690016320 | GB32: 2406013208 | GC32: #N/A | GD32: 4084174784 | GE32: 2368021240 | GF32: 2516937232 | GG32: #N/A | GH32: 1555248208 | GI32: #N/A | GJ32: #N/A | GK32: 974481664 | GL32: #N/A | GM32: 3174531256 | GN32: 5371405952 | GO32: #N/A | GP32: #N/A | GQ32: #N/A | GR32: #N/A | GS32: 9124267904 | GT32: #N/A | GU32: #N/A | GV32: #N/A | GW32: #N/A | GX32: #N/A | GY32: #N/A | GZ32: #N/A | HA32: #N/A | HB32: #N/A | HC32: #N/A | HD32: 9.3281281e+08 | HE32: #N/A | HF32: 1120255744 | HG32: 7819679680 | HH32: #N/A | HI32: #N/A | HJ32: #N/A | HK32: 4942644544 | HL32: 763036050 | HM32: #N/A | HN32: 472859048 | HO32: 237799533 | HP32: #N/A | HQ32: 1706502568 | HR32: #N/A | HS32: #N/A | HT32: #N/A | HU32: 653576592 | HV32: #N/A | HW32: 1297041520 | HX32: #N/A | HY32: #N/A | HZ32: #N/A | IA32: #N/A | IB32: 506339696 | IC32: 1059648648 | ID32: 3387071808 | IE32: 1811584512 | IF32: #N/A | IG32: #N/A | IH32: #N/A | II32: #N/A | IJ32: #N/A | IK32: 617567256 | IL32: 7805750976 | IM32: 44495188 | IN32: 507243728 | IO32: #N/A | IP32: 1224833448 | IQ32: #N/A | IR32: #N/A | IS32: #N/A | IT32: 1366829648 | IU32: 645109704 | IV32: 567678376 | IW32: #N/A | IX32: 2655393104 | IY32: #N/A | IZ32: #N/A | JA32: #N/A | JB32: 922617320 | JC32: #N/A | JD32: #N/A | JE32: #N/A | JF32: #N/A | JG32: #N/A | JH32: 270852208 | JI32: 2022230240 | JJ32: #N/A | JK32: #N/A | JL32: 3045613464 | JM32: 1367219984 | JN32: 379676296 | JO32: #N/A | JP32: 2412571048 | JQ32: 34392263 | JR32: 6211268864 | JS32: #N/A | JT32: #N/A | JU32: #N/A | JV32: #N/A | JW32: #N/A | JX32: 76907992 | JY32: #N/A | JZ32: #N/A | KA32: #N/A | KB32: #N/A | KC32: #N/A | KD32: #N/A | KE32: 1378265920 | KF32: 1092548200 | KG32: #N/A | KH32: #N/A | KI32: #N/A
B33: 42736 | C33: 48330286336 | D33: 10511232272 | E33: 786045752 | F33: 1171143128 | G33: 47749321896 | H33: #N/A | I33: 1252842376 | J33: #N/A | K33: #N/A | L33: #N/A | M33: #N/A | N33: #N/A | O33: #N/A | P33: #N/A | Q33: 1560619048 | R33: #N/A | S33: #N/A | T33: #N/A | U33: #N/A | V33: #N/A | W33: 12032839040 | X33: #N/A | Y33: 5779576240 | Z33: 919684056 | AA33: #N/A | AB33: #N/A | AC33: 3420560616 | AD33: #N/A | AE33: 1224244160 | AF33: #N/A | AG33: 5071700568 | AH33: 11897840832 | AI33: #N/A | AJ33: #N/A | AK33: #N/A | AL33: 420918260608 | AM33: #N/A | AN33: #N/A | AO33: 4181528080 | AP33: 9873188032 | AQ33: 154239469056 | AR33: #N/A | AS33: 15537396352 | AT33: #N/A | AU33: 29336792064 | AV33: #N/A | AW33: 2690058000 | AX33: #N/A | AY33: #N/A | AZ33: #N/A | BA33: 53910858368 | BB33: 459454161024 | BC33: 420918260608 | BD33: 356954137152 | BE33: 306261770496 | BF33: 84056762432 | BG33: 86343993024 | BH33: 154239469056 | BI33: 1.5065444e+12 | BJ33: #N/A | BK33: 54158865136 | BL33: 47749321896 | BM33: 22732047456 | BN33: 6034041864 | BO33: #N/A | BP33: #N/A | BQ33: 66010709184 | BR33: 39140687200 | BS33: 24026654208 | BT33: 19722470144 | BU33: 29336792064 | BV33: 9873188032 | BW33: 12032839040 | BX33: 48330286336 | BY33: #N/A | BZ33: #N/A | CA33: 33816500728 | CB33: #N/A | CC33: #N/A | CD33: #N/A | CE33: #N/A | CF33: #N/A | CG33: 7922642312 | CH33: #N/A | CI33: #N/A | CJ33: 4893649144 | CK33: 7391392936 | CL33: 5654310744 | CM33: #N/A | CN33: #N/A | CO33: #N/A | CP33: 4181528080 | CQ33: 3073346088 | CR33: 15537396352 | CS33: 2323783168 | CT33: 46515010240 | CU33: 7686532760 | CV33: 1241627616 | CW33: 11897840832 | CX33: #N/A | CY33: 34177235584 | CZ33: 1.464363e+11 | DA33: 5419415456 | DB33: #N/A | DC33: 682838896 | DD33: 41199317824 | DE33: 1171143128 | DF33: #N/A | DG33: 4286594400 | DH33: 6949983720 | DI33: 4172807824 | DJ33: #N/A | DK33: 4733401104 | DL33: #N/A | DM33: 1182849552 | DN33: 19955276368 | DO33: #N/A | DP33: 4918793312 | DQ33: 1224244160 | DR33: #N/A | DS33: #N/A | DT33: 2.0315232e+09 | DU33: 8224692832 | DV33: 4756506488 | DW33: 4908167064 | DX33: #N/A | DY33: #N/A | DZ33: 18816226792 | EA33: 4163427560 | EB33: #N/A | EC33: 7254876416 | ED33: 11064327016 | EE33: 1297531072 | EF33: 2211142400 | EG33: 3513511008 | EH33: 2244830944 | EI33: #N/A | EJ33: 2261450520 | EK33: 1303709272 | EL33: 1454136464 | EM33: #N/A | EN33: #N/A | EO33: #N/A | EP33: 6394452280 | EQ33: #N/A | ER33: #N/A | ES33: 1877047464 | ET33: #N/A | EU33: 3008878000 | EV33: 2734336520 | EW33: #N/A | EX33: 10511232272 | EY33: 995399240 | EZ33: 97847101 | FA33: 1560619048 | FB33: 6476904320 | FC33: #N/A | FD33: 3296688208 | FE33: #N/A | FF33: 4142234664 | FG33: #N/A | FH33: #N/A | FI33: 13888228336 | FJ33: 3095954064 | FK33: #N/A | FL33: 826896256 | FM33: #N/A | FN33: 15888691264 | FO33: 7637359952 | FP33: 3431245504 | FQ33: #N/A | FR33: 95397764 | FS33: #N/A | FT33: 636611664 | FU33: 1270506920 | FV33: #N/A | FW33: 1299693056 | FX33: #N/A | FY33: #N/A | FZ33: 1004240328 | GA33: 1708480704 | GB33: 2416856984 | GC33: #N/A | GD33: 3871148992 | GE33: 2239890992 | GF33: 2690058000 | GG33: #N/A | GH33: 1462829392 | GI33: #N/A | GJ33: #N/A | GK33: 949920512 | GL33: #N/A | GM33: 2972423608 | GN33: 5349383296 | GO33: #N/A | GP33: #N/A | GQ33: #N/A | GR33: #N/A | GS33: 9847871360 | GT33: #N/A | GU33: #N/A | GV33: #N/A | GW33: #N/A | GX33: #N/A | GY33: #N/A | GZ33: #N/A | HA33: #N/A | HB33: #N/A | HC33: #N/A | HD33: 9.5139975e+08 | HE33: #N/A | HF33: 1102920448 | HG33: 7367681728 | HH33: #N/A | HI33: #N/A | HJ33: #N/A | HK33: 5083555904 | HL33: 774182546 | HM33: #N/A | HN33: 670024840 | HO33: 194014653 | HP33: #N/A | HQ33: 1970364856 | HR33: #N/A | HS33: #N/A | HT33: #N/A | HU33: 643295248 | HV33: #N/A | HW33: 1283226992 | HX33: #N/A | HY33: #N/A | HZ33: #N/A | IA33: #N/A | IB33: 600260080 | IC33: 1065669384 | ID33: 3638762304 | IE33: 1896125696 | IF33: #N/A | IG33: #N/A | IH33: #N/A | II33: #N/A | IJ33: #N/A | IK33: 602895064 | IL33: 7961874112 | IM33: 42944524 | IN33: 484227024 | IO33: #N/A | IP33: 1132057576 | IQ33: #N/A | IR33: #N/A | IS33: #N/A | IT33: 1461808080 | IU33: 721247240 | IV33: 573485832 | IW33: #N/A | IX33: 2476426832 | IY33: #N/A | IZ33: #N/A | JA33: #N/A | JB33: 918629992 | JC33: #N/A | JD33: #N/A | JE33: #N/A | JF33: #N/A | JG33: #N/A | JH33: 346202528 | JI33: 1902787680 | JJ33: #N/A | JK33: #N/A | JL33: 3141580952 | JM33: 1459827664 | JN33: 464867144 | JO33: #N/A | JP33: 2559286440 | JQ33: 37357531 | JR33: 6096165120 | JS33: #N/A | JT33: #N/A | JU33: #N/A | JV33: #N/A | JW33: #N/A | JX33: 62013640 | JY33: #N/A | JZ33: #N/A | KA33: #N/A | KB33: #N/A | KC33: #N/A | KD33: #N/A | KE33: 1394805184 | KF33: 1110658728 | KG33: #N/A | KH33: #N/A | KI33: #N/A
B34: 42767 | C34: 53149504768 | D34: 10861296912 | E34: 754033848 | F34: 1217673944 | G34: 54799926440 | H34: #N/A | I34: 1505282568 | J34: #N/A | K34: #N/A | L34: #N/A | M34: #N/A | N34: #N/A | O34: #N/A | P34: #N/A | Q34: 1767148584 | R34: #N/A | S34: #N/A | T34: #N/A | U34: #N/A | V34: #N/A | W34: 14498649040 | X34: #N/A | Y34: 6538181152 | Z34: 1082084056 | AA34: #N/A | AB34: #N/A | AC34: 4188169448 | AD34: #N/A | AE34: 1507053296 | AF34: #N/A | AG34: 5313106520 | AH34: 15172131008 | AI34: #N/A | AJ34: #N/A | AK34: #N/A | AL34: 453505346880 | AM34: #N/A | AN34: #N/A | AO34: 4697185296 | AP34: 11802269888 | AQ34: 159941740032 | AR34: #N/A | AS34: 17155379840 | AT34: #N/A | AU34: 30132464640 | AV34: #N/A | AW34: 2596284176 | AX34: #N/A | AY34: #N/A | AZ34: #N/A | BA34: 57797048960 | BB34: 473928649856 | BC34: 453505346880 | BD34: 396145844800 | BE34: 355478334400 | BF34: 94797310016 | BG34: #N/A | BH34: 159941740032 | BI34: 1.6993839e+12 | BJ34: #N/A | BK34: 62223873512 | BL34: 54799926440 | BM34: 22430359456 | BN34: 5859221000 | BO34: #N/A | BP34: #N/A | BQ34: 71401651392 | BR34: 38538884448 | BS34: 24982005248 | BT34: 21386485504 | BU34: 30132464640 | BV34: 11802269888 | BW34: 14498649040 | BX34: 53149504768 | BY34: #N/A | BZ34: #N/A | CA34: 34800973304 | CB34: #N/A | CC34: #N/A | CD34: #N/A | CE34: 18636731392 | CF34: #N/A | CG34: 8487021960 | CH34: #N/A | CI34: #N/A | CJ34: 5277592056 | CK34: 7628185376 | CL34: 5783129944 | CM34: #N/A | CN34: #N/A | CO34: #N/A | CP34: 4697185296 | CQ34: 3357656360 | CR34: 17155379840 | CS34: 2582083072 | CT34: 48751037120 | CU34: 7824153496 | CV34: 1258371808 | CW34: 15172131008 | CX34: #N/A | CY34: 37785873088 | CZ34: 1.5514027e+11 | DA34: 5285765024 | DB34: #N/A | DC34: 729369776 | DD34: 42458252864 | DE34: 1217673944 | DF34: #N/A | DG34: 4543655776 | DH34: 7330410472 | DI34: 4276583688 | DJ34: #N/A | DK34: 5108743952 | DL34: #N/A | DM34: 1301021008 | DN34: 21078998608 | DO34: #N/A | DP34: 6587300448 | DQ34: 1507053296 | DR34: #N/A | DS34: #N/A | DT34: 2.0003494e+09 | DU34: 15934316128 | DV34: 5337244920 | DW34: 4909676904 | DX34: #N/A | DY34: #N/A | DZ34: 23337471464 | EA34: 4027486184 | EB34: #N/A | EC34: 7089679616 | ED34: 13455585024 | EE34: 1234912448 | EF34: 2447163648 | EG34: 4092006976 | EH34: 2434095328 | EI34: #N/A | EJ34: 2366005272 | EK34: 1370788056 | EL34: 1400386192 | EM34: #N/A | EN34: #N/A | EO34: #N/A | EP34: 6194571576 | EQ34: #N/A | ER34: #N/A | ES34: 2089061288 | ET34: #N/A | EU34: 3343332272 | EV34: 3292071176 | EW34: #N/A | EX34: 10861296912 | EY34: 1069459336 | EZ34: 128006933 | FA34: 1767148584 | FB34: 6632997760 | FC34: #N/A | FD34: 3279067472 | FE34: #N/A | FF34: 5262277416 | FG34: #N/A | FH34: #N/A | FI34: 14877156336 | FJ34: 3315016848 | FK34: #N/A | FL34: 760006656 | FM34: #N/A | FN34: 17149541440 | FO34: 7796512080 | FP34: 3779776192 | FQ34: #N/A | FR34: 57090924 | FS34: #N/A | FT34: 528622928 | FU34: 1543730856 | FV34: #N/A | FW34: 1409993472 | FX34: #N/A | FY34: #N/A | FZ34: 962844104 | GA34: 1753322688 | GB34: 2535152280 | GC34: #N/A | GD34: 3587115200 | GE34: 2588974384 | GF34: 2596284176 | GG34: #N/A | GH34: 1478745936 | GI34: #N/A | GJ34: #N/A | GK34: 954712896 | GL34: #N/A | GM34: 2908375480 | GN34: 5325049952 | GO34: #N/A | GP34: #N/A | GQ34: #N/A | GR34: #N/A | GS34: 10451900288 | GT34: #N/A | GU34: #N/A | GV34: #N/A | GW34: #N/A | GX34: #N/A | GY34: #N/A | GZ34: #N/A | HA34: #N/A | HB34: #N/A | HC34: #N/A | HD34: 9.235193e+08 | HE34: #N/A | HF34: 1181507328 | HG34: 6735923672 | HH34: #N/A | HI34: 6488549840 | HJ34: #N/A | HK34: 5129932352 | HL34: 653163730 | HM34: #N/A | HN34: 657840328 | HO34: 199487757 | HP34: #N/A | HQ34: 1867239096 | HR34: #N/A | HS34: #N/A | HT34: #N/A | HU34: 666267728 | HV34: #N/A | HW34: 1245418864 | HX34: #N/A | HY34: #N/A | HZ34: #N/A | IA34: #N/A | IB34: 637990368 | IC34: 1170029960 | ID34: 3825732416 | IE34: 2027633792 | IF34: #N/A | IG34: #N/A | IH34: #N/A | II34: #N/A | IJ34: #N/A | IK34: 674922200 | IL34: 8297608384 | IM34: 51241756 | IN34: 506489104 | IO34: #N/A | IP34: 1097971944 | IQ34: #N/A | IR34: #N/A | IS34: #N/A | IT34: 1420280400 | IU34: 744876136 | IV34: 546156616 | IW34: #N/A | IX34: 2668059472 | IY34: #N/A | IZ34: #N/A | JA34: #N/A | JB34: 987629096 | JC34: #N/A | JD34: #N/A | JE34: #N/A | JF34: #N/A | JG34: #N/A | JH34: 381841632 | JI34: 1870823520 | JJ34: #N/A | JK34: #N/A | JL34: #N/A | JM34: 1369190352 | JN34: #N/A | JO34: #N/A | JP34: 2933528232 | JQ34: 39162479 | JR34: 6897521408 | JS34: #N/A | JT34: #N/A | JU34: #N/A | JV34: #N/A | JW34: #N/A | JX34: 54566460 | JY34: #N/A | JZ34: #N/A | KA34: #N/A | KB34: #N/A | KC34: #N/A | KD34: #N/A | KE34: 1472539968 | KF34: 1098585000 | KG34: #N/A | KH34: #N/A | KI34: #N/A
B35: 42795 | C35: 56603112704 | D35: 10000598704 | E35: 815548384 | F35: 1185294416 | G35: 58189929600 | H35: #N/A | I35: 1438037064 | J35: #N/A | K35: #N/A | L35: #N/A | M35: #N/A | N35: #N/A | O35: #N/A | P35: #N/A | Q35: 2079787496 | R35: #N/A | S35: #N/A | T35: #N/A | U35: #N/A | V35: #N/A | W35: 14541970384 | X35: #N/A | Y35: 6960033896 | Z35: 1028720896 | AA35: #N/A | AB35: #N/A | AC35: 4990111952 | AD35: #N/A | AE35: 1648025328 | AF35: #N/A | AG35: 5639720000 | AH35: 15612627120 | AI35: #N/A | AJ35: #N/A | AK35: #N/A | AL35: 464014798144 | AM35: #N/A | AN35: #N/A | AO35: 5455665144 | AP35: 8970897472 | AQ35: 172576982528 | AR35: #N/A | AS35: 18857935488 | AT35: #N/A | AU35: 32365945408 | AV35: #N/A | AW35: 3283952336 | AX35: #N/A | AY35: #N/A | AZ35: #N/A | BA35: 56565311872 | BB35: 502004337792 | BC35: 464014798144 | BD35: 401493707072 | BE35: 367692245952 | BF35: 99282528448 | BG35: 91647998048 | BH35: 172576982528 | BI35: 1.7454329e+12 | BJ35: #N/A | BK35: 63028741608 | BL35: 58189929600 | BM35: 23692947360 | BN35: 7740183504 | BO35: #N/A | BP35: #N/A | BQ35: 78496959584 | BR35: 39009190792 | BS35: 21238176512 | BT35: 21715382016 | BU35: 32365945408 | BV35: 8970897472 | BW35: 14541970384 | BX35: 56603112704 | BY35: #N/A | BZ35: #N/A | CA35: 35943927960 | CB35: #N/A | CC35: #N/A | CD35: #N/A | CE35: 20565424128 | CF35: #N/A | CG35: 10225135384 | CH35: #N/A | CI35: #N/A | CJ35: 5665287080 | CK35: 8953461536 | CL35: 6066544808 | CM35: #N/A | CN35: #N/A | CO35: #N/A | CP35: 5455665144 | CQ35: 3414196992 | CR35: 18857935488 | CS35: 3619906136 | CT35: 49486170816 | CU35: 8541134448 | CV35: 1401427432 | CW35: 15612627120 | CX35: #N/A | CY35: 39063952064 | CZ35: 1.7675375e+11 | DA35: 5771580656 | DB35: #N/A | DC35: 739069864 | DD35: 46262756928 | DE35: 1185294416 | DF35: #N/A | DG35: 5812977016 | DH35: 7260376176 | DI35: 4622581000 | DJ35: #N/A | DK35: 5364490288 | DL35: #N/A | DM35: 1482106568 | DN35: 20895434096 | DO35: #N/A | DP35: 6786181344 | DQ35: 1648025328 | DR35: #N/A | DS35: #N/A | DT35: 1876887184 | DU35: 11966188544 | DV35: 5039495928 | DW35: 5060204136 | DX35: #N/A | DY35: #N/A | DZ35: 25075919064 | EA35: 4338436856 | EB35: #N/A | EC35: 7532323072 | ED35: 13705691904 | EE35: 1283254848 | EF35: 2692755128 | EG35: 3905822016 | EH35: 2568783008 | EI35: #N/A | EJ35: 2523425560 | EK35: 1341858384 | EL35: 1292586264 | EM35: #N/A | EN35: #N/A | EO35: #N/A | EP35: 6306363568 | EQ35: #N/A | ER35: #N/A | ES35: 2474505368 | ET35: #N/A | EU35: 3592995056 | EV35: 2936351304 | EW35: #N/A | EX35: 10000598704 | EY35: 1577056152 | EZ35: 143860181 | FA35: 2079787496 | FB35: 6763791584 | FC35: #N/A | FD35: 3771706920 | FE35: #N/A | FF35: 6148023896 | FG35: #N/A | FH35: #N/A | FI35: 16110167696 | FJ35: 3556867728 | FK35: #N/A | FL35: 1066247552 | FM35: #N/A | FN35: 17875236768 | FO35: 7501148272 | FP35: 4024459200 | FQ35: #N/A | FR35: 55175588 | FS35: #N/A | FT35: 582712640 | FU35: 1685600960 | FV35: #N/A | FW35: 1457021544 | FX35: #N/A | FY35: #N/A | FZ35: 929784584 | GA35: 1820003104 | GB35: 2738763288 | GC35: #N/A | GD35: 3450567528 | GE35: 2477362736 | GF35: 3283952336 | GG35: #N/A | GH35: 1782862744 | GI35: #N/A | GJ35: #N/A | GK35: 935398048 | GL35: #N/A | GM35: 2891541656 | GN35: 5744133216 | GO35: #N/A | GP35: #N/A | GQ35: #N/A | GR35: #N/A | GS35: 13760468480 | GT35: #N/A | GU35: #N/A | GV35: #N/A | GW35: #N/A | GX35: #N/A | GY35: #N/A | GZ35: #N/A | HA35: #N/A | HB35: #N/A | HC35: #N/A | HD35: 9.3745953e+08 | HE35: #N/A | HF35: 971465688 | HG35: 6538647000 | HH35: #N/A | HI35: 6443108560 | HJ35: #N/A | HK35: 5250292144 | HL35: 862159954 | HM35: #N/A | HN35: 510983936 | HO35: 254218861 | HP35: #N/A | HQ35: 1675546552 | HR35: #N/A | HS35: #N/A | HT35: #N/A | HU35: 671408400 | HV35: #N/A | HW35: #N/A | HX35: #N/A | HY35: #N/A | HZ35: #N/A | IA35: #N/A | IB35: 588787744 | IC35: 1323228208 | ID35: 3801596928 | IE35: 2087414776 | IF35: #N/A | IG35: #N/A | IH35: #N/A | II35: #N/A | IJ35: #N/A | IK35: 633730496 | IL35: 8428115488 | IM35: 51241756 | IN35: 607561032 | IO35: #N/A | IP35: 1141798584 | IQ35: #N/A | IR35: #N/A | IS35: #N/A | IT35: 1376421632 | IU35: 688221904 | IV35: 491498248 | IW35: #N/A | IX35: 3325186272 | IY35: #N/A | IZ35: #N/A | JA35: #N/A | JB35: 947061736 | JC35: #N/A | JD35: #N/A | JE35: #N/A | JF35: #N/A | JG35: #N/A | JH35: 296159200 | JI35: 2045411040 | JJ35: #N/A | JK35: #N/A | JL35: 3407004656 | JM35: 1412706024 | JN35: 503702480 | JO35: #N/A | JP35: 2279493432 | JQ35: 40967427 | JR35: 5403310144 | JS35: #N/A | JT35: #N/A | JU35: #N/A | JV35: #N/A | JW35: #N/A | JX35: 50310936 | JY35: #N/A | JZ35: #N/A | KA35: #N/A | KB35: #N/A | KC35: #N/A | KD35: #N/A | KE35: 1453494736 | KF35: 1332373528 | KG35: #N/A | KH35: #N/A | KI35: #N/A
B36: 42826 | C36: 61611511336 | D36: 9363255984 | E36: 891455008 | F36: 1105460688 | G36: 58161175680 | H36: #N/A | I36: 1455634248 | J36: #N/A | K36: #N/A | L36: #N/A | M36: #N/A | N36: #N/A | O36: #N/A | P36: #N/A | Q36: 2076171496 | R36: #N/A | S36: #N/A | T36: #N/A | U36: #N/A | V36: #N/A | W36: 14303410128 | X36: #N/A | Y36: 6589725288 | Z36: 1134163072 | AA36: #N/A | AB36: #N/A | AC36: 5796546768 | AD36: #N/A | AE36: 1734170096 | AF36: #N/A | AG36: 6593715776 | AH36: 15443517616 | AI36: #N/A | AJ36: #N/A | AK36: #N/A | AL36: 471124110656 | AM36: #N/A | AN36: #N/A | AO36: 5637997560 | AP36: 8738046016 | AQ36: 178579063232 | AR36: #N/A | AS36: 18381436096 | AT36: #N/A | AU36: 30181538368 | AV36: #N/A | AW36: 3389926352 | AX36: #N/A | AY36: #N/A | AZ36: #N/A | BA36: 60181768576 | BB36: 497028058240 | BC36: 471124110656 | BD36: 417459816768 | BE36: 381072862144 | BF36: 100885326016 | BG36: 91935037536 | BH36: 178579063232 | BI36: 1.8110982e+12 | BJ36: #N/A | BK36: 65249666536 | BL36: 58161175680 | BM36: 23782170528 | BN36: 8566045648 | BO36: #N/A | BP36: #N/A | BQ36: 80797633632 | BR36: 39540870024 | BS36: 20474209024 | BT36: 20202808064 | BU36: 30181538368 | BV36: 8738046016 | BW36: 14303410128 | BX36: 61611511336 | BY36: #N/A | BZ36: #N/A | CA36: 35966564504 | CB36: #N/A | CC36: #N/A | CD36: #N/A | CE36: 19158571008 | CF36: #N/A | CG36: 10208580376 | CH36: #N/A | CI36: #N/A | CJ36: 5884467368 | CK36: 9000179488 | CL36: 5893254824 | CM36: #N/A | CN36: #N/A | CO36: #N/A | CP36: 5637997560 | CQ36: 3523714304 | CR36: 18381436096 | CS36: 3617592408 | CT36: 51051213248 | CU36: 9423933040 | CV36: 1334451048 | CW36: 15443517616 | CX36: #N/A | CY36: 38042581696 | CZ36: 1.8119179e+11 | DA36: 5937550704 | DB36: #N/A | DC36: 791044264 | DD36: 46975231552 | DE36: 1105460688 | DF36: #N/A | DG36: 5835008888 | DH36: 7575713392 | DI36: 4525366280 | DJ36: #N/A | DK36: 5271717936 | DL36: #N/A | DM36: 1432864456 | DN36: 21752337776 | DO36: #N/A | DP36: 7185029856 | DQ36: 1734170096 | DR36: #N/A | DS36: #N/A | DT36: 1052853136 | DU36: 11644239872 | DV36: 5247148280 | DW36: 4811987304 | DX36: #N/A | DY36: #N/A | DZ36: 27087620312 | EA36: 4303066360 | EB36: #N/A | EC36: 7884366112 | ED36: 14286367488 | EE36: 1222884928 | EF36: 2518649016 | EG36: 3691496768 | EH36: 2349194144 | EI36: #N/A | EJ36: 2221434136 | EK36: 1366248400 | EL36: 1342274456 | EM36: #N/A | EN36: #N/A | EO36: #N/A | EP36: 6021436080 | EQ36: #N/A | ER36: #N/A | ES36: 2629946264 | ET36: #N/A | EU36: 3464936944 | EV36: 3160697928 | EW36: #N/A | EX36: 9363255984 | EY36: 1350093720 | EZ36: 170363310 | FA36: 2076171496 | FB36: 6989021920 | FC36: #N/A | FD36: 3650569256 | FE36: #N/A | FF36: 6072398424 | FG36: #N/A | FH36: #N/A | FI36: 15067782800 | FJ36: 3582707704 | FK36: #N/A | FL36: 1081268928 | FM36: #N/A | FN36: 17802493856 | FO36: 7544219760 | FP36: 2332981912 | FQ36: #N/A | FR36: 62437870 | FS36: #N/A | FT36: 621085376 | FU36: 1693865024 | FV36: #N/A | FW36: 1324500328 | FX36: #N/A | FY36: #N/A | FZ36: 963258456 | GA36: 1822635040 | GB36: 2482869400 | GC36: #N/A | GD36: 3534637160 | GE36: 2350864040 | GF36: 3389926352 | GG36: #N/A | GH36: 1904769560 | GI36: #N/A | GJ36: #N/A | GK36: 838052256 | GL36: #N/A | GM36: 3529026712 | GN36: 5605118560 | GO36: #N/A | GP36: #N/A | GQ36: #N/A | GR36: #N/A | GS36: 12791308800 | GT36: #N/A | GU36: #N/A | GV36: #N/A | GW36: #N/A | GX36: #N/A | GY36: #N/A | GZ36: #N/A | HA36: #N/A | HB36: #N/A | HC36: #N/A | HD36: 9.0013271e+08 | HE36: #N/A | HF36: 964497880 | HG36: 6706140888 | HH36: #N/A | HI36: 6135545904 | HJ36: #N/A | HK36: 5440134064 | HL36: 551144832 | HM36: #N/A | HN36: 537033216 | HO36: 652468663 | HP36: #N/A | HQ36: 1622739024 | HR36: #N/A | HS36: #N/A | HT36: #N/A | HU36: 710280240 | HV36: #N/A | HW36: 1200554640 | HX36: #N/A | HY36: #N/A | HZ36: #N/A | IA36: #N/A | IB36: 622538272 | IC36: 1313111728 | ID36: 3794521088 | IE36: 2257204344 | IF36: #N/A | IG36: #N/A | IH36: #N/A | II36: #N/A | IJ36: #N/A | IK36: 748538496 | IL36: 8239430176 | IM36: 121390199 | IN36: 491756488 | IO36: #N/A | IP36: 1055044856 | IQ36: #N/A | IR36: #N/A | IS36: #N/A | IT36: 1421936896 | IU36: 664908976 | IV36: 444073480 | IW36: #N/A | IX36: 2448090080 | IY36: #N/A | IZ36: #N/A | JA36: #N/A | JB36: #N/A | JC36: #N/A | JD36: #N/A | JE36: #N/A | JF36: #N/A | JG36: #N/A | JH36: 196009848 | JI36: 2036234720 | JJ36: #N/A | JK36: #N/A | JL36: 3140016368 | JM36: 1396939112 | JN36: 662602512 | JO36: #N/A | JP36: 2127452472 | JQ36: 52148477 | JR36: 5646940224 | JS36: #N/A | JT36: #N/A | JU36: #N/A | JV36: #N/A | JW36: #N/A | JX36: 34352702 | JY36: #N/A | JZ36: #N/A | KA36: #N/A | KB36: #N/A | KC36: #N/A | KD36: #N/A | KE36: 1265784016 | KF36: 1296992152 | KG36: #N/A | KH36: #N/A | KI36: #N/A
B37: 42856 | C37: 64075103784 | D37: 9654748848 | E37: 855706592 | F37: 1214440400 | G37: 61444095104 | H37: #N/A | I37: 1535151944 | J37: #N/A | K37: #N/A | L37: #N/A | M37: #N/A | N37: #N/A | O37: #N/A | P37: #N/A | Q37: 2341104616 | R37: #N/A | S37: #N/A | T37: #N/A | U37: #N/A | V37: #N/A | W37: 15667852992 | X37: #N/A | Y37: 6764321032 | Z37: 1196582528 | AA37: #N/A | AB37: #N/A | AC37: 6690019024 | AD37: #N/A | AE37: 2428738960 | AF37: #N/A | AG37: 7004271168 | AH37: 16785560752 | AI37: #N/A | AJ37: 2550973000 | AK37: #N/A | AL37: 493870957952 | AM37: #N/A | AN37: #N/A | AO37: 5682368896 | AP37: 8345970752 | AQ37: 180389511616 | AR37: #N/A | AS37: 19598316736 | AT37: #N/A | AU37: 32619172416 | AV37: #N/A | AW37: 3583211728 | AX37: #N/A | AY37: #N/A | AZ37: #N/A | BA37: 59423422848 | BB37: 549256210048 | BC37: 493870957952 | BD37: 453298690304 | BE37: 412283104192 | BF37: 101832542400 | BG37: 97093164256 | BH37: 180389511616 | BI37: 1.9670827e+12 | BJ37: #N/A | BK37: 68980743952 | BL37: 61444095104 | BM37: 23958790016 | BN37: 9326656464 | BO37: #N/A | BP37: #N/A | BQ37: 85187415136 | BR37: 39678886792 | BS37: 20238063360 | BT37: 19337856832 | BU37: 32619172416 | BV37: 8345970752 | BW37: 15667852992 | BX37: 64075103784 | BY37: #N/A | BZ37: #N/A | CA37: 37101756664 | CB37: #N/A | CC37: #N/A | CD37: 393891000 | CE37: 18865557120 | CF37: #N/A | CG37: 10480981784 | CH37: #N/A | CI37: #N/A | CJ37: 6676217088 | CK37: 9291850480 | CL37: 5785847976 | CM37: #N/A | CN37: #N/A | CO37: #N/A | CP37: 5682368896 | CQ37: 3510575256 | CR37: 19598316736 | CS37: 3971268696 | CT37: 53784805824 | CU37: 9614222448 | CV37: 1351248384 | CW37: 16785560752 | CX37: #N/A | CY37: 38264680704 | CZ37: 1.9718751e+11 | DA37: 6093473648 | DB37: #N/A | DC37: 759474664 | DD37: 53052828736 | DE37: 1214440400 | DF37: #N/A | DG37: 6446952312 | DH37: 7994221680 | DI37: 4751326848 | DJ37: #N/A | DK37: 5463433520 | DL37: #N/A | DM37: 1470070216 | DN37: 22005434256 | DO37: #N/A | DP37: 6749634784 | DQ37: 2428738960 | DR37: #N/A | DS37: #N/A | DT37: 1314543248 | DU37: 10572255648 | DV37: 5184721144 | DW37: 4794338688 | DX37: #N/A | DY37: #N/A | DZ37: 25211592920 | EA37: 4691359224 | EB37: #N/A | EC37: 7944788768 | ED37: 13433126440 | EE37: 1218732688 | EF37: 2570153912 | EG37: 3885256416 | EH37: 2488614944 | EI37: #N/A | EJ37: 2797498648 | EK37: 1133064272 | EL37: 1450720448 | EM37: #N/A | EN37: 2550973000 | EO37: #N/A | EP37: 7171020976 | EQ37: #N/A | ER37: #N/A | ES37: 2803535256 | ET37: #N/A | EU37: 4475849200 | EV37: 3744763464 | EW37: #N/A | EX37: 9654748848 | EY37: 1363398424 | EZ37: 170363310 | FA37: 2341104616 | FB37: 7289888992 | FC37: #N/A | FD37: 4077908264 | FE37: #N/A | FF37: 6460736800 | FG37: #N/A | FH37: #N/A | FI37: 16814463632 | FJ37: 3918433272 | FK37: #N/A | FL37: 1083772480 | FM37: #N/A | FN37: 18780771232 | FO37: 7749084312 | FP37: 1715727640 | FQ37: #N/A | FR37: 65136414 | FS37: #N/A | FT37: 706218304 | FU37: 1847030592 | FV37: #N/A | FW37: 1310741352 | FX37: #N/A | FY37: #N/A | FZ37: 1005689432 | GA37: 1932752416 | GB37: 2601067800 | GC37: #N/A | GD37: 3540013928 | GE37: 2568507304 | GF37: 3583211728 | GG37: #N/A | GH37: 1977810456 | GI37: #N/A | GJ37: #N/A | GK37: 946950304 | GL37: #N/A | GM37: 3404776856 | GN37: 5405313632 | GO37: #N/A | GP37: #N/A | GQ37: #N/A | GR37: #N/A | GS37: 11092474496 | GT37: #N/A | GU37: #N/A | GV37: #N/A | GW37: #N/A | GX37: #N/A | GY37: #N/A | GZ37: #N/A | HA37: #N/A | HB37: #N/A | HC37: #N/A | HD37: 9.0968426e+08 | HE37: #N/A | HF37: 1018709208 | HG37: 6423688920 | HH37: #N/A | HI37: 6022714928 | HJ37: #N/A | HK37: 5669876656 | HL37: 369677376 | HM37: #N/A | HN37: 647040512 | HO37: 683483063 | HP37: #N/A | HQ37: 1634883152 | HR37: #N/A | HS37: #N/A | HT37: #N/A | HU37: 733653360 | HV37: #N/A | HW37: 1234440976 | HX37: #N/A | HY37: #N/A | HZ37: #N/A | IA37: #N/A | IB37: 623868080 | IC37: 1485318320 | ID37: 3804607744 | IE37: 2417702520 | IF37: #N/A | IG37: #N/A | IH37: #N/A | II37: #N/A | IJ37: #N/A | IK37: 753962048 | IL37: 8193238560 | IM37: 108944343 | IN37: 530569864 | IO37: #N/A | IP37: 1051959672 | IQ37: #N/A | IR37: #N/A | IS37: #N/A | IT37: 1558350592 | IU37: 659638320 | IV37: 479441800 | IW37: #N/A | IX37: 2301086944 | IY37: #N/A | IZ37: #N/A | JA37: #N/A | JB37: 849424680 | JC37: #N/A | JD37: #N/A | JE37: #N/A | JF37: #N/A | JG37: #N/A | JH37: 135479256 | JI37: 2072035168 | JJ37: #N/A | JK37: #N/A | JL37: 2879981552 | JM37: 1477744616 | JN37: 545352144 | JO37: #N/A | JP37: 2390317624 | JQ37: 52664177 | JR37: 5773852736 | JS37: #N/A | JT37: #N/A | JU37: #N/A | JV37: #N/A | JW37: #N/A | JX37: 25432402 | JY37: #N/A | JZ37: #N/A | KA37: #N/A | KB37: #N/A | KC37: #N/A | KD37: #N/A | KE37: 1191582792 | KF37: 1443326296 | KG37: #N/A | KH37: #N/A | KI37: #N/A
B38: 42887 | C38: 67176861224 | D38: 7411369064 | E38: 984929824 | F38: 1219755912 | G38: 62733431520 | H38: #N/A | I38: 1375754600 | J38: #N/A | K38: #N/A | L38: #N/A | M38: #N/A | N38: #N/A | O38: #N/A | P38: #N/A | Q38: 2577942328 | R38: #N/A | S38: #N/A | T38: #N/A | U38: #N/A | V38: #N/A | W38: 17635059392 | X38: #N/A | Y38: 7096465160 | Z38: 1342097544 | AA38: #N/A | AB38: #N/A | AC38: 8650535920 | AD38: #N/A | AE38: 2579914384 | AF38: #N/A | AG38: 8381467192 | AH38: 19318642528 | AI38: #N/A | AJ38: 2530643016 | AK38: #N/A | AL38: 499198084480 | AM38: #N/A | AN38: #N/A | AO38: 5692914560 | AP38: 11189904544 | AQ38: 183434379712 | AR38: #N/A | AS38: 24326672576 | AT38: #N/A | AU38: 35118138560 | AV38: #N/A | AW38: 3926762304 | AX38: #N/A | AY38: #N/A | AZ38: #N/A | BA38: 81903201344 | BB38: 587238844032 | BC38: 499198084480 | BD38: 476107708672 | BE38: 406854766464 | BF38: 106186620352 | BG38: 95071214816 | BH38: 183434379712 | BI38: 2.0592063e+12 | BJ38: #N/A | BK38: 72273616656 | BL38: 62733431520 | BM38: 24965298048 | BN38: 9690503920 | BO38: #N/A | BP38: #N/A | BQ38: 85691857896 | BR38: 39367567880 | BS38: 20952596224 | BT38: 19309303616 | BU38: 35118138560 | BV38: 11189904544 | BW38: 17635059392 | BX38: 67176861224 | BY38: #N/A | BZ38: #N/A | CA38: 38080257720 | CB38: #N/A | CC38: #N/A | CD38: 1508312200 | CE38: 19187916416 | CF38: #N/A | CG38: 10548895272 | CH38: #N/A | CI38: #N/A | CJ38: 6628037016 | CK38: 9926545136 | CL38: 5181216752 | CM38: #N/A | CN38: #N/A | CO38: #N/A | CP38: 5692914560 | CQ38: 3789686424 | CR38: 24326672576 | CS38: 5714465224 | CT38: 55905554880 | CU38: 8004798112 | CV38: 1258084480 | CW38: 19318642528 | CX38: #N/A | CY38: 39866540288 | CZ38: 2.090125e+11 | DA38: 6261640768 | DB38: #N/A | DC38: 750703264 | DD38: 59803900992 | DE38: 1219755912 | DF38: #N/A | DG38: 8149089120 | DH38: 7802440352 | DI38: 4645116800 | DJ38: #N/A | DK38: 5174556464 | DL38: #N/A | DM38: 1586043432 | DN38: 23543582608 | DO38: #N/A | DP38: 5667712736 | DQ38: 2579914384 | DR38: #N/A | DS38: #N/A | DT38: 1828072288 | DU38: 10278303136 | DV38: 5844521848 | DW38: 4853773184 | DX38: #N/A | DY38: #N/A | DZ38: 26002885480 | EA38: 4547807192 | EB38: #N/A | EC38: 8022671728 | ED38: 14441840168 | EE38: 1238180240 | EF38: 2534342832 | EG38: 3612062048 | EH38: 2352132640 | EI38: #N/A | EJ38: 1896610896 | EK38: 1200539440 | EL38: 1284427328 | EM38: #N/A | EN38: 2530643016 | EO38: #N/A | EP38: 8054411816 | EQ38: #N/A | ER38: #N/A | ES38: 2623306792 | ET38: #N/A | EU38: 3735963096 | EV38: 5523825832 | EW38: #N/A | EX38: 7411369064 | EY38: 2106022160 | EZ38: 168911289 | FA38: 2577942328 | FB38: 7570370688 | FC38: #N/A | FD38: 3500881056 | FE38: #N/A | FF38: 5264361248 | FG38: #N/A | FH38: #N/A | FI38: 15716978888 | FJ38: 4568764696 | FK38: #N/A | FL38: 1280168224 | FM38: #N/A | FN38: 17563648416 | FO38: 7703367832 | FP38: 2310579160 | FQ38: #N/A | FR38: 51661361 | FS38: #N/A | FT38: 700076448 | FU38: 1746464240 | FV38: #N/A | FW38: 1368750056 | FX38: #N/A | FY38: #N/A | FZ38: 978293640 | GA38: 1894300144 | GB38: 2729222512 | GC38: #N/A | GD38: 3294293000 | GE38: 2662091688 | GF38: 3926762304 | GG38: #N/A | GH38: 2386501360 | GI38: #N/A | GJ38: #N/A | GK38: 972060768 | GL38: #N/A | GM38: 3751227600 | GN38: 5485279840 | GO38: #N/A | GP38: #N/A | GQ38: #N/A | GR38: #N/A | GS38: 12058572352 | GT38: #N/A | GU38: #N/A | GV38: #N/A | GW38: #N/A | GX38: #N/A | GY38: #N/A | GZ38: #N/A | HA38: #N/A | HB38: #N/A | HC38: #N/A | HD38: 975673584 | HE38: #N/A | HF38: 1314201648 | HG38: 6150541720 | HH38: #N/A | HI38: 6112151080 | HJ38: #N/A | HK38: 5722029512 | HL38: 284692480 | HM38: #N/A | HN38: 876855896 | HO38: 678660505 | HP38: #N/A | HQ38: 1671315664 | HR38: #N/A | HS38: #N/A | HT38: #N/A | HU38: 523119088 | HV38: #N/A | HW38: 1362093304 | HX38: #N/A | HY38: #N/A | HZ38: #N/A | IA38: #N/A | IB38: 612103984 | IC38: 1525135352 | ID38: 4718536384 | IE38: 2321334968 | IF38: #N/A | IG38: #N/A | IH38: #N/A | II38: #N/A | IJ38: #N/A | IK38: 865289152 | IL38: 8345212320 | IM38: 150316354 | IN38: 436966512 | IO38: #N/A | IP38: 1022944328 | IQ38: #N/A | IR38: #N/A | IS38: #N/A | IT38: 1646993504 | IU38: 707155504 | IV38: 408079568 | IW38: #N/A | IX38: 1970143632 | IY38: #N/A | IZ38: #N/A | JA38: #N/A | JB38: 863051080 | JC38: #N/A | JD38: #N/A | JE38: #N/A | JF38: #N/A | JG38: #N/A | JH38: 192815128 | JI38: 1837245888 | JJ38: #N/A | JK38: #N/A | JL38: 2739313360 | JM38: 1697169912 | JN38: 376380976 | JO38: #N/A | JP38: 1837725280 | JQ38: 43928568 | JR38: 5112841472 | JS38: #N/A | JT38: #N/A | JU38: #N/A | JV38: #N/A | JW38: #N/A | JX38: 30599328 | JY38: #N/A | JZ38: #N/A | KA38: #N/A | KB38: #N/A | KC38: #N/A | KD38: 1944285568 | KE38: 1024549448 | KF38: 1496346112 | KG38: #N/A | KH38: #N/A | KI38: #N/A
B39: 42917 | C39: 66744180744 | D39: 7672408168 | E39: 1076337312 | F39: 1255608968 | G39: 60276339424 | H39: #N/A | I39: 1424700008 | J39: #N/A | K39: #N/A | L39: #N/A | M39: #N/A | N39: #N/A | O39: #N/A | P39: #N/A | Q39: 2281839672 | R39: #N/A | S39: #N/A | T39: #N/A | U39: #N/A | V39: #N/A | W39: 17548420800 | X39: #N/A | Y39: 6788022536 | Z39: 1266179336 | AA39: #N/A | AB39: #N/A | AC39: 8068114928 | AD39: #N/A | AE39: 2467588496 | AF39: #N/A | AG39: 7904305720 | AH39: 18392352608 | AI39: #N/A | AJ39: 1948291632 | AK39: #N/A | AL39: 490165093760 | AM39: #N/A | AN39: #N/A | AO39: 5381817728 | AP39: 10714256544 | AQ39: 199630231616 | AR39: #N/A | AS39: 21635690688 | AT39: #N/A | AU39: 32935169216 | AV39: #N/A | AW39: 4004017728 | AX39: #N/A | AY39: #N/A | AZ39: #N/A | BA39: 82022198336 | BB39: 546839963264 | BC39: 490165093760 | BD39: 462748293376 | BE39: 405260767104 | BF39: 106787413440 | BG39: 97619967200 | BH39: 199630231616 | BI39: 2.3960997e+12 | BJ39: #N/A | BK39: 66420576016 | BL39: 60276339424 | BM39: 24564942720 | BN39: 9781953264 | BO39: #N/A | BP39: #N/A | BQ39: 84694260712 | BR39: 40059623944 | BS39: 20083427072 | BT39: 20205960000 | BU39: 32935169216 | BV39: 10714256544 | BW39: 17548420800 | BX39: 66744180744 | BY39: #N/A | BZ39: #N/A | CA39: 38006369976 | CB39: #N/A | CC39: #N/A | CD39: 3547055112 | CE39: 16842719872 | CF39: #N/A | CG39: 10248274472 | CH39: #N/A | CI39: #N/A | CJ39: 6446585752 | CK39: 9509939952 | CL39: 5421447152 | CM39: #N/A | CN39: #N/A | CO39: #N/A | CP39: 5381817728 | CQ39: 3699315864 | CR39: 21635690688 | CS39: 6634831304 | CT39: 56388499264 | CU39: 7994218400 | CV39: 1353111680 | CW39: 18392352608 | CX39: #N/A | CY39: 40007241984 | CZ39: 2.0000687e+11 | DA39: 6201023552 | DB39: #N/A | DC39: 729909344 | DD39: 60416543808 | DE39: 1255608968 | DF39: #N/A | DG39: 8235132768 | DH39: 7818888864 | DI39: 4814496128 | DJ39: #N/A | DK39: 5416618288 | DL39: #N/A | DM39: 1589073960 | DN39: 23869628304 | DO39: #N/A | DP39: 6210287328 | DQ39: 2467588496 | DR39: #N/A | DS39: #N/A | DT39: 1990764896 | DU39: 9237802400 | DV39: 5703785848 | DW39: 4758187904 | DX39: #N/A | DY39: #N/A | DZ39: 25312795496 | EA39: 4680141016 | EB39: #N/A | EC39: 7547186544 | ED39: 14031597096 | EE39: 1238180240 | EF39: 3054433712 | EG39: 3731766496 | EH39: 2351197856 | EI39: #N/A | EJ39: 2345400912 | EK39: 1379346864 | EL39: 1312949312 | EM39: #N/A | EN39: 1948291632 | EO39: #N/A | EP39: 8820846120 | EQ39: #N/A | ER39: #N/A | ES39: 2719144232 | ET39: #N/A | EU39: 3816111320 | EV39: 6424747688 | EW39: #N/A | EX39: 7672408168 | EY39: 1940142608 | EZ39: 176408617 | FA39: 2281839672 | FB39: 7716520576 | FC39: #N/A | FD39: 3588834208 | FE39: #N/A | FF39: 6893655328 | FG39: #N/A | FH39: #N/A | FI39: 15860061384 | FJ39: 4633075992 | FK39: #N/A | FL39: 1312720032 | FM39: #N/A | FN39: 18329427360 | FO39: 7328493208 | FP39: 2702977240 | FQ39: #N/A | FR39: 85888905 | FS39: #N/A | FT39: 706786464 | FU39: 1827560816 | FV39: #N/A | FW39: 1389839336 | FX39: #N/A | FY39: #N/A | FZ39: 1036827208 | GA39: 1899560176 | GB39: 2888549488 | GC39: #N/A | GD39: 3184687752 | GE39: 2792933240 | GF39: 4004017728 | GG39: #N/A | GH39: 2225789168 | GI39: #N/A | GJ39: #N/A | GK39: 1045598496 | GL39: #N/A | GM39: 3510616016 | GN39: 5556158560 | GO39: #N/A | GP39: #N/A | GQ39: #N/A | GR39: #N/A | GS39: 12236834368 | GT39: #N/A | GU39: #N/A | GV39: #N/A | GW39: #N/A | GX39: #N/A | GY39: #N/A | GZ39: #N/A | HA39: #N/A | HB39: #N/A | HC39: #N/A | HD39: 996921200 | HE39: #N/A | HF39: 1483150256 | HG39: 6187349656 | HH39: #N/A | HI39: 6130093096 | HJ39: #N/A | HK39: 5675362248 | HL39: 351888320 | HM39: #N/A | HN39: 935047768 | HO39: 561803993 | HP39: #N/A | HQ39: 1758753360 | HR39: #N/A | HS39: #N/A | HT39: #N/A | HU39: 548324880 | HV39: 498494176 | HW39: 1262441592 | HX39: #N/A | HY39: #N/A | HZ39: #N/A | IA39: #N/A | IB39: 558151600 | IC39: 1430949624 | ID39: 4759013056 | IE39: 2290014136 | IF39: #N/A | IG39: #N/A | IH39: #N/A | II39: #N/A | IJ39: #N/A | IK39: 891145088 | IL39: 7966678944 | IM39: 194723058 | IN39: 536598256 | IO39: #N/A | IP39: 1015104328 | IQ39: #N/A | IR39: #N/A | IS39: #N/A | IT39: 1731613920 | IU39: 638641264 | IV39: 397353328 | IW39: #N/A | IX39: 2202864528 | IY39: #N/A | IZ39: #N/A | JA39: #N/A | JB39: 828041224 | JC39: #N/A | JD39: #N/A | JE39: #N/A | JF39: 269226960 | JG39: #N/A | JH39: 171603816 | JI39: 1916244544 | JJ39: #N/A | JK39: #N/A | JL39: 2715189968 | JM39: 1728883320 | JN39: 399703312 | JO39: #N/A | JP39: 1933618784 | JQ39: 45045056 | JR39: 4862869760 | JS39: #N/A | JT39: #N/A | JU39: #N/A | JV39: #N/A | JW39: #N/A | JX39: 44203328 | JY39: #N/A | JZ39: #N/A | KA39: #N/A | KB39: #N/A | KC39: #N/A | KD39: 1904692200 | KE39: 1037531080 | KF39: 1437585984 | KG39: #N/A | KH39: #N/A | KI39: #N/A
B40: 42948 | C40: 69665144840 | D40: 7453169744 | E40: 1157588512 | F40: 1241373192 | G40: 63566705376 | H40: #N/A | I40: 1153368680 | J40: #N/A | K40: #N/A | L40: #N/A | M40: #N/A | N40: #N/A | O40: #N/A | P40: #N/A | Q40: 2570630968 | R40: #N/A | S40: #N/A | T40: #N/A | U40: #N/A | V40: #N/A | W40: 18262060184 | X40: #N/A | Y40: 6810448248 | Z40: 1306915976 | AA40: #N/A | AB40: #N/A | AC40: 9338384920 | AD40: #N/A | AE40: 2514973160 | AF40: #N/A | AG40: 8364090936 | AH40: 19732383584 | AI40: #N/A | AJ40: 1937809968 | AK40: #N/A | AL40: 512659622208 | AM40: #N/A | AN40: #N/A | AO40: 5260678304 | AP40: 10647225504 | AQ40: 199712970816 | AR40: #N/A | AS40: 23963027648 | AT40: #N/A | AU40: 34118890688 | AV40: #N/A | AW40: 4197126536 | AX40: #N/A | AY40: #N/A | AZ40: #N/A | BA40: 93880552512 | BB40: 559253738112 | BC40: 512659622208 | BD40: 480717278720 | BE40: 457854839040 | BF40: 113024540096 | BG40: 97635362848 | BH40: 199712970816 | BI40: 2.6179315e+12 | BJ40: #N/A | BK40: 81263001984 | BL40: 63566705376 | BM40: 25726032480 | BN40: 9638657776 | BO40: #N/A | BP40: #N/A | BQ40: 92265634792 | BR40: 39207286392 | BS40: 22289380416 | BT40: 20458378624 | BU40: 34118890688 | BV40: 10647225504 | BW40: 18262060184 | BX40: 69665144840 | BY40: #N/A | BZ40: #N/A | CA40: 39609954088 | CB40: #N/A | CC40: #N/A | CD40: 3282189320 | CE40: 17386744960 | CF40: #N/A | CG40: 10825467432 | CH40: #N/A | CI40: #N/A | CJ40: 6807578008 | CK40: 10273680992 | CL40: 5657028592 | CM40: #N/A | CN40: #N/A | CO40: #N/A | CP40: 5260678304 | CQ40: 3993171112 | CR40: 23963027648 | CS40: 6761999304 | CT40: 57781737280 | CU40: 8089436064 | CV40: 1319408616 | CW40: 19732383584 | CX40: #N/A | CY40: 40884028992 | CZ40: 2.1828758e+11 | DA40: 7028342848 | DB40: #N/A | DC40: 787250096 | DD40: 67259239232 | DE40: 1241373192 | DF40: #N/A | DG40: 9488380768 | DH40: 8371982496 | DI40: 4851835960 | DJ40: #N/A | DK40: 5537643888 | DL40: #N/A | DM40: 1670897704 | DN40: 24189212568 | DO40: #N/A | DP40: 5609633632 | DQ40: 2514973160 | DR40: #N/A | DS40: #N/A | DT40: 3276272096 | DU40: 9790512864 | DV40: 6296408952 | DW40: 4893621856 | DX40: #N/A | DY40: #N/A | DZ40: 25901362288 | EA40: 4779391448 | EB40: #N/A | EC40: 7284657008 | ED40: 13680355984 | EE40: 1357478032 | EF40: 2960029616 | EG40: 3890553088 | EH40: 2405516512 | EI40: #N/A | EJ40: 2334543184 | EK40: 1472670128 | EL40: 1301333424 | EM40: #N/A | EN40: 1937809968 | EO40: #N/A | EP40: 8190885928 | EQ40: #N/A | ER40: #N/A | ES40: 2485435432 | ET40: #N/A | EU40: 3989618904 | EV40: 6329457832 | EW40: #N/A | EX40: 7453169744 | EY40: 2073630480 | EZ40: 157885817 | FA40: 2570630968 | FB40: 7833779840 | FC40: #N/A | FD40: 3631101344 | FE40: #N/A | FF40: 7431877920 | FG40: #N/A | FH40: #N/A | FI40: 15371489480 | FJ40: 4935053080 | FK40: #N/A | FL40: 1300392160 | FM40: #N/A | FN40: 18926552480 | FO40: 6539875696 | FP40: 2898450392 | FQ40: #N/A | FR40: 90609945 | FS40: #N/A | FT40: 742223584 | FU40: 1781419632 | FV40: #N/A | FW40: 1397040616 | FX40: #N/A | FY40: #N/A | FZ40: 1020020552 | GA40: 1747019248 | GB40: 2846259056 | GC40: #N/A | GD40: 3062849928 | GE40: 2635801976 | GF40: 4197126536 | GG40: #N/A | GH40: 2292237552 | GI40: #N/A | GJ40: #N/A | GK40: 1117342624 | GL40: #N/A | GM40: 3694855888 | GN40: 5400596640 | GO40: #N/A | GP40: #N/A | GQ40: #N/A | GR40: #N/A | GS40: 10940031296 | GT40: #N/A | GU40: #N/A | GV40: #N/A | GW40: #N/A | GX40: #N/A | GY40: #N/A | GZ40: #N/A | HA40: #N/A | HB40: #N/A | HC40: #N/A | HD40: 996921200 | HE40: #N/A | HF40: 1402754096 | HG40: 6041438912 | HH40: #N/A | HI40: 6106494248 | HJ40: #N/A | HK40: 5871697712 | HL40: 387086144 | HM40: #N/A | HN40: 964762712 | HO40: 631917849 | HP40: #N/A | HQ40: 1702533016 | HR40: #N/A | HS40: #N/A | HT40: #N/A | HU40: 563975504 | HV40: 555836480 | HW40: 1203822968 | HX40: #N/A | HY40: #N/A | HZ40: #N/A | IA40: #N/A | IB40: 556123312 | IC40: 1500565112 | ID40: 4852891456 | IE40: 1945486264 | IF40: #N/A | IG40: 2093861000 | IH40: #N/A | II40: #N/A | IJ40: #N/A | IK40: 908836032 | IL40: 7969421728 | IM40: 196844802 | IN40: 553012656 | IO40: #N/A | IP40: 968226632 | IQ40: #N/A | IR40: #N/A | IS40: #N/A | IT40: 1861878112 | IU40: 683439024 | IV40: 417767792 | IW40: #N/A | IX40: 2289670656 | IY40: #N/A | IZ40: #N/A | JA40: #N/A | JB40: 717513312 | JC40: #N/A | JD40: #N/A | JE40: #N/A | JF40: 270072112 | JG40: #N/A | JH40: 157462944 | JI40: 1927216576 | JJ40: #N/A | JK40: #N/A | JL40: 2627474368 | JM40: 1800238584 | JN40: 362709296 | JO40: #N/A | JP40: 2191483744 | JQ40: 41486732 | JR40: 4742826752 | JS40: #N/A | JT40: #N/A | JU40: #N/A | JV40: #N/A | JW40: #N/A | JX40: 50415422 | JY40: #N/A | JZ40: #N/A | KA40: #N/A | KB40: #N/A | KC40: #N/A | KD40: 1756485224 | KE40: 1262003656 | KF40: 1523998016 | KG40: #N/A | KH40: #N/A | KI40: #N/A
B41: 42979 | C41: 73464365064 | D41: 7307099728 | E41: 1426102144 | F41: 1087956400 | G41: 67328070456 | H41: #N/A | I41: 1156832096 | J41: #N/A | K41: #N/A | L41: #N/A | M41: #N/A | N41: #N/A | O41: #N/A | P41: #N/A | Q41: 2505865656 | R41: #N/A | S41: #N/A | T41: #N/A | U41: #N/A | V41: #N/A | W41: 19162029208 | X41: #N/A | Y41: 6863768440 | Z41: 1531569104 | AA41: #N/A | AB41: #N/A | AC41: 9999011352 | AD41: #N/A | AE41: 2397580008 | AF41: #N/A | AG41: 7621365256 | AH41: 21089388976 | AI41: #N/A | AJ41: 2309424944 | AK41: #N/A | AL41: 532049907840 | AM41: #N/A | AN41: #N/A | AO41: 5527169184 | AP41: 11828212864 | AQ41: 201615841344 | AR41: #N/A | AS41: 24565550464 | AT41: #N/A | AU41: 35891742144 | AV41: #N/A | AW41: 4420961928 | AX41: #N/A | AY41: #N/A | AZ41: #N/A | BA41: 98476997696 | BB41: 563417043584 | BC41: 532049907840 | BD41: 472099261952 | BE41: 464127912192 | BF41: 113783154240 | BG41: 95114102816 | BH41: 201615841344 | BI41: 2.8292732e+12 | BJ41: #N/A | BK41: 78115553664 | BL41: 67328070456 | BM41: 26778827360 | BN41: 11787175976 | BO41: #N/A | BP41: #N/A | BQ41: 82658864296 | BR41: 39705271928 | BS41: 23185275968 | BT41: 21448882560 | BU41: 35891742144 | BV41: 11828212864 | BW41: 19162029208 | BX41: 73464365064 | BY41: #N/A | BZ41: #N/A | CA41: 39561096088 | CB41: #N/A | CC41: #N/A | CD41: 2347102768 | CE41: 17627700288 | CF41: #N/A | CG41: 11214758144 | CH41: #N/A | CI41: #N/A | CJ41: 7242951696 | CK41: 10825676384 | CL41: 5977285568 | CM41: #N/A | CN41: #N/A | CO41: #N/A | CP41: 5527169184 | CQ41: 3972893096 | CR41: 24565550464 | CS41: 7208173080 | CT41: 58932975424 | CU41: 8160616528 | CV41: 1351103080 | CW41: 21089388976 | CX41: #N/A | CY41: 41354970688 | CZ41: 1.7818693e+11 | DA41: 7241740936 | DB41: #N/A | DC41: 820921520 | DD41: 69808319296 | DE41: 1087956400 | DF41: #N/A | DG41: 9382759688 | DH41: 8942288176 | DI41: 4802521656 | DJ41: #N/A | DK41: 5830812272 | DL41: #N/A | DM41: 1863688024 | DN41: 23512913816 | DO41: #N/A | DP41: 6312508768 | DQ41: 2397580008 | DR41: #N/A | DS41: #N/A | DT41: 3087276512 | DU41: 8888775392 | DV41: 6613011600 | DW41: 4910790496 | DX41: #N/A | DY41: #N/A | DZ41: 27808246896 | EA41: 4849615664 | EB41: #N/A | EC41: 7299983696 | ED41: 14317783696 | EE41: 1350957472 | EF41: 3459557848 | EG41: 4241112320 | EH41: 2450148576 | EI41: #N/A | EJ41: 2372799208 | EK41: 1234359648 | EL41: 1428875952 | EM41: #N/A | EN41: 2309424944 | EO41: #N/A | EP41: 7217215288 | EQ41: #N/A | ER41: #N/A | ES41: 2749916384 | ET41: #N/A | EU41: 4865359824 | EV41: 6143529024 | EW41: #N/A | EX41: 7307099728 | EY41: 2100685960 | EZ41: 218397009 | FA41: 2505865656 | FB41: 9940868960 | FC41: #N/A | FD41: 3263195112 | FE41: #N/A | FF41: 8168102080 | FG41: #N/A | FH41: #N/A | FI41: 15840007880 | FJ41: 5160419608 | FK41: #N/A | FL41: 1335355776 | FM41: #N/A | FN41: 19821025656 | FO41: 6272868208 | FP41: 2984598968 | FQ41: #N/A | FR41: 81956178 | FS41: #N/A | FT41: 693944976 | FU41: 1755559672 | FV41: #N/A | FW41: 1615679472 | FX41: #N/A | FY41: #N/A | FZ41: 1107890928 | GA41: 1676484640 | GB41: 3080175336 | GC41: #N/A | GD41: 2834147376 | GE41: 2331135608 | GF41: 4420961928 | GG41: #N/A | GH41: 2405893664 | GI41: #N/A | GJ41: #N/A | GK41: 1381612864 | GL41: #N/A | GM41: 3131435272 | GN41: 5601701024 | GO41: #N/A | GP41: #N/A | GQ41: #N/A | GR41: #N/A | GS41: 10166938880 | GT41: #N/A | GU41: #N/A | GV41: #N/A | GW41: #N/A | GX41: #N/A | GY41: #N/A | GZ41: #N/A | HA41: #N/A | HB41: #N/A | HC41: #N/A | HD41: 1116928376 | HE41: #N/A | HF41: 1655076624 | HG41: 5884991680 | HH41: #N/A | HI41: 6221524448 | HJ41: #N/A | HK41: 5819791664 | HL41: 562300736 | HM41: #N/A | HN41: 752921760 | HO41: 787957147 | HP41: #N/A | HQ41: 1588383896 | HR41: #N/A | HS41: #N/A | HT41: #N/A | HU41: 462428904 | HV41: 554534928 | HW41: 1109242792 | HX41: #N/A | HY41: #N/A | HZ41: #N/A | IA41: #N/A | IB41: 514212808 | IC41: 1591401472 | ID41: 4944042048 | IE41: 1995876936 | IF41: #N/A | IG41: 2051861000 | IH41: #N/A | II41: #N/A | IJ41: #N/A | IK41: 942841456 | IL41: 8408229792 | IM41: 186402658 | IN41: 694200048 | IO41: #N/A | IP41: 906022672 | IQ41: #N/A | IR41: #N/A | IS41: #N/A | IT41: 1503057352 | IU41: 741784464 | IV41: 352722424 | IW41: #N/A | IX41: 1991612416 | IY41: #N/A | IZ41: #N/A | JA41: #N/A | JB41: 685320128 | JC41: #N/A | JD41: #N/A | JE41: #N/A | JF41: 39066141 | JG41: #N/A | JH41: 259687688 | JI41: 1870190560 | JJ41: #N/A | JK41: #N/A | JL41: 2429809088 | JM41: 1712992848 | JN41: 372926608 | JO41: #N/A | JP41: 3004117960 | JQ41: 43047788 | JR41: 5289288640 | JS41: #N/A | JT41: #N/A | JU41: #N/A | JV41: #N/A | JW41: #N/A | JX41: 88057672 | JY41: #N/A | JZ41: #N/A | KA41: #N/A | KB41: #N/A | KC41: #N/A | KD41: 2515815144 | KE41: 1220976200 | KF41: 1707787160 | KG41: #N/A | KH41: #N/A | KI41: #N/A
B42: 43009 | C42: 70057973088 | D42: 7588233808 | E42: 1593968128 | F42: 1137619888 | G42: 65466635064 | H42: #N/A | I42: 1141198432 | J42: #N/A | K42: #N/A | L42: #N/A | M42: #N/A | N42: #N/A | O42: #N/A | P42: #N/A | Q42: 2909444536 | R42: #N/A | S42: #N/A | T42: #N/A | U42: #N/A | V42: #N/A | W42: 19510258840 | X42: #N/A | Y42: 6907699064 | Z42: 1664771792 | AA42: #N/A | AB42: #N/A | AC42: 10584238616 | AD42: #N/A | AE42: 2725863144 | AF42: #N/A | AG42: 7207530504 | AH42: 20371790256 | AI42: #N/A | AJ42: 2483169352 | AK42: #N/A | AL42: 536286154880 | AM42: #N/A | AN42: #N/A | AO42: 5094614176 | AP42: 11594884224 | AQ42: 188568108608 | AR42: #N/A | AS42: 24247721344 | AT42: #N/A | AU42: 35952932288 | AV42: #N/A | AW42: 4432281224 | AX42: #N/A | AY42: #N/A | AZ42: #N/A | BA42: 103463001152 | BB42: 578488160896 | BC42: 536286154880 | BD42: 463980858880 | BE42: 460788066560 | BF42: 109976315456 | BG42: 101125490720 | BH42: 188568108608 | BI42: 2.8904622e+12 | BJ42: #N/A | BK42: 80969417088 | BL42: 65466635064 | BM42: 27930356320 | BN42: 12666239016 | BO42: #N/A | BP42: #N/A | BQ42: 81677683880 | BR42: 38454773368 | BS42: 22572014656 | BT42: 22427480448 | BU42: 35952932288 | BV42: 11594884224 | BW42: 19510258840 | BX42: 70057973088 | BY42: #N/A | BZ42: #N/A | CA42: 40195572632 | CB42: #N/A | CC42: #N/A | CD42: 2028278192 | CE42: 17349851200 | CF42: #N/A | CG42: 11232788736 | CH42: #N/A | CI42: #N/A | CJ42: 7367055888 | CK42: 11044233824 | CL42: 6186765760 | CM42: #N/A | CN42: #N/A | CO42: #N/A | CP42: 5094614176 | CQ42: 4131808168 | CR42: 24247721344 | CS42: 9829912600 | CT42: 55050390592 | CU42: 8256206928 | CV42: 1401441384 | CW42: 20371790256 | CX42: #N/A | CY42: 43613333056 | CZ42: 1.8731847e+11 | DA42: 7492051080 | DB42: #N/A | DC42: 875735472 | DD42: 72898480960 | DE42: 1137619888 | DF42: #N/A | DG42: 10487810312 | DH42: 9653461808 | DI42: 4771585080 | DJ42: #N/A | DK42: 6224009840 | DL42: #N/A | DM42: 1933389656 | DN42: 22862393240 | DO42: #N/A | DP42: 4058894176 | DQ42: 2725863144 | DR42: #N/A | DS42: #N/A | DT42: 2882618336 | DU42: 9636330208 | DV42: 6167368336 | DW42: 5360853856 | DX42: #N/A | DY42: #N/A | DZ42: 24006071408 | EA42: 5217861680 | EB42: #N/A | EC42: 7829689168 | ED42: 14829359760 | EE42: 1124535072 | EF42: 3280153560 | EG42: 4492624384 | EH42: 2784465120 | EI42: #N/A | EJ42: 2454608360 | EK42: 1171959264 | EL42: 1388204464 | EM42: #N/A | EN42: 2483169352 | EO42: #N/A | EP42: 7298222904 | EQ42: #N/A | ER42: #N/A | ES42: 2830969312 | ET42: 2680376024 | EU42: 5242066384 | EV42: 5702425152 | EW42: #N/A | EX42: 7588233808 | EY42: 2419595144 | EZ42: 257843009 | FA42: 2909444536 | FB42: 9688508768 | FC42: #N/A | FD42: 3391283944 | FE42: #N/A | FF42: 6772055232 | FG42: #N/A | FH42: #N/A | FI42: 16260651720 | FJ42: 5267056072 | FK42: #N/A | FL42: 1460662592 | FM42: #N/A | FN42: 18796577144 | FO42: 6671312752 | FP42: 3120135352 | FQ42: #N/A | FR42: 94942210 | FS42: #N/A | FT42: 811789072 | FU42: 2378568056 | FV42: #N/A | FW42: 1646027504 | FX42: #N/A | FY42: #N/A | FZ42: 1103239344 | GA42: 1767225888 | GB42: 3258193640 | GC42: #N/A | GD42: 2864189488 | GE42: 2849218512 | GF42: 4432281224 | GG42: #N/A | GH42: 2422971168 | GI42: #N/A | GJ42: #N/A | GK42: 1527884992 | GL42: #N/A | GM42: 2979588616 | GN42: 5931188384 | GO42: #N/A | GP42: #N/A | GQ42: #N/A | GR42: #N/A | GS42: 10294726912 | GT42: #N/A | GU42: #N/A | GV42: #N/A | GW42: #N/A | GX42: #N/A | GY42: #N/A | GZ42: #N/A | HA42: #N/A | HB42: #N/A | HC42: #N/A | HD42: 1168921336 | HE42: #N/A | HF42: 1722483344 | HG42: 6381941440 | HH42: #N/A | HI42: 6154107104 | HJ42: #N/A | HK42: 6194257712 | HL42: 453109120 | HM42: #N/A | HN42: 807366496 | HO42: 729446619 | HP42: #N/A | HQ42: 1853112600 | HR42: #N/A | HS42: #N/A | HT42: #N/A | HU42: 519819848 | HV42: 684347152 | HW42: 1192577064 | HX42: #N/A | HY42: #N/A | HZ42: #N/A | IA42: #N/A | IB42: 519105416 | IC42: 1640945920 | ID42: 5466349120 | IE42: 2110717640 | IF42: #N/A | IG42: 2216261000 | IH42: #N/A | II42: #N/A | IJ42: #N/A | IK42: 1030855408 | IL42: 8720035232 | IM42: 177947154 | IN42: 704180272 | IO42: #N/A | IP42: 1010387216 | IQ42: #N/A | IR42: #N/A | IS42: #N/A | IT42: 1683029960 | IU42: 791869584 | IV42: 385977000 | IW42: #N/A | IX42: 1861689600 | IY42: #N/A | IZ42: #N/A | JA42: #N/A | JB42: 767804288 | JC42: #N/A | JD42: #N/A | JE42: #N/A | JF42: 40192989 | JG42: #N/A | JH42: 291092488 | JI42: 1973327712 | JJ42: #N/A | JK42: #N/A | JL42: 2650776256 | JM42: 1738090704 | JN42: 473829584 | JO42: #N/A | JP42: 3030294984 | JQ42: 43047788 | JR42: 4982645184 | JS42: #N/A | JT42: #N/A | JU42: #N/A | JV42: #N/A | JW42: #N/A | JX42: 108345168 | JY42: #N/A | JZ42: #N/A | KA42: #N/A | KB42: #N/A | KC42: #N/A | KD42: 2537291880 | KE42: 1198852936 | KF42: 1527421656 | KG42: #N/A | KH42: #N/A | KI42: #N/A
B43: 43040 | C43: 83401938272 | D43: 8275487208 | E43: 1497318016 | F43: 1156639920 | G43: 71597151032 | H43: #N/A | I43: 1157526880 | J43: #N/A | K43: #N/A | L43: #N/A | M43: #N/A | N43: #N/A | O43: #N/A | P43: #N/A | Q43: 3013774480 | R43: #N/A | S43: #N/A | T43: 1714011552 | U43: #N/A | V43: #N/A | W43: 20738589280 | X43: #N/A | Y43: 7990220096 | Z43: 1789118248 | AA43: #N/A | AB43: #N/A | AC43: 8605309160 | AD43: #N/A | AE43: 3924093792 | AF43: #N/A | AG43: 7789683208 | AH43: 21386830256 | AI43: #N/A | AJ43: 2555812168 | AK43: #N/A | AL43: 598996610624 | AM43: #N/A | AN43: #N/A | AO43: 5541380616 | AP43: 11604217984 | AQ43: 198124404288 | AR43: #N/A | AS43: 26992008576 | AT43: #N/A | AU43: 38303790528 | AV43: #N/A | AW43: 4461333120 | AX43: #N/A | AY43: #N/A | AZ43: #N/A | BA43: 120520997952 | BB43: 621841739072 | BC43: 598996610624 | BD43: 550708668160 | BE43: 492191562176 | BF43: 116809967168 | BG43: 97861642592 | BH43: 198124404288 | BI43: 3.1042667e+12 | BJ43: #N/A | BK43: 88823080976 | BL43: 71597151032 | BM43: 28647298592 | BN43: 13221093416 | BO43: #N/A | BP43: #N/A | BQ43: 85712293032 | BR43: 37252228728 | BS43: 21132777600 | BT43: 26191219968 | BU43: 38303790528 | BV43: 11604217984 | BW43: 20738589280 | BX43: 83401938272 | BY43: #N/A | BZ43: #N/A | CA43: 40696293248 | CB43: #N/A | CC43: #N/A | CD43: 1947972784 | CE43: 17203067968 | CF43: #N/A | CG43: 12072672512 | CH43: #N/A | CI43: #N/A | CJ43: 8068588280 | CK43: 12106030104 | CL43: 6182110656 | CM43: #N/A | CN43: #N/A | CO43: #N/A | CP43: 5541380616 | CQ43: 4707096912 | CR43: 26992008576 | CS43: 10160152600 | CT43: 55392840768 | CU43: 8223096400 | CV43: 1628543904 | CW43: 21386830256 | CX43: #N/A | CY43: 43181199360 | CZ43: 1.6622184e+11 | DA43: 7449135752 | DB43: #N/A | DC43: 990726008 | DD43: 82073272256 | DE43: 1156639920 | DF43: #N/A | DG43: 13426940168 | DH43: 9430832944 | DI43: 4882569632 | DJ43: #N/A | DK43: 6454935624 | DL43: #N/A | DM43: 1949299800 | DN43: 20649514968 | DO43: 1714011552 | DP43: 3696675008 | DQ43: 3924093792 | DR43: #N/A | DS43: #N/A | DT43: 3.5996545e+09 | DU43: 9710075136 | DV43: 5947655320 | DW43: 5377409376 | DX43: #N/A | DY43: #N/A | DZ43: 21525910352 | EA43: 4919954736 | EB43: #N/A | EC43: 7822102352 | ED43: 12971659816 | EE43: 1036887712 | EF43: 3474072792 | EG43: 4623541152 | EH43: 2881895424 | EI43: #N/A | EJ43: 2607196136 | EK43: 1133893984 | EL43: 1514653832 | EM43: #N/A | EN43: 2555812168 | EO43: #N/A | EP43: 7332158776 | EQ43: #N/A | ER43: #N/A | ES43: 3146737632 | ET43: 2088305112 | EU43: 5246094216 | EV43: 6313519168 | EW43: #N/A | EX43: 8275487208 | EY43: 2564776328 | EZ43: 214316401 | FA43: 3013774480 | FB43: 10235626848 | FC43: #N/A | FD43: 3449869288 | FE43: #N/A | FF43: 6801425264 | FG43: #N/A | FH43: #N/A | FI43: 14120210728 | FJ43: 5272306632 | FK43: #N/A | FL43: 1609902496 | FM43: #N/A | FN43: 18830801272 | FO43: 6850124240 | FP43: 3924292792 | FQ43: #N/A | FR43: 76053442 | FS43: #N/A | FT43: 811998800 | FU43: 2316125304 | FV43: #N/A | FW43: 1567328496 | FX43: #N/A | FY43: #N/A | FZ43: 1095099056 | GA43: 1763280544 | GB43: 3211967976 | GC43: #N/A | GD43: 2914582704 | GE43: 2841354960 | GF43: 4461333120 | GG43: #N/A | GH43: 2642751008 | GI43: #N/A | GJ43: #N/A | GK43: 1518892864 | GL43: #N/A | GM43: 2993146376 | GN43: 6249745632 | GO43: #N/A | GP43: #N/A | GQ43: #N/A | GR43: #N/A | GS43: 8603397056 | GT43: #N/A | GU43: #N/A | GV43: #N/A | GW43: #N/A | GX43: #N/A | GY43: #N/A | GZ43: #N/A | HA43: #N/A | HB43: #N/A | HC43: #N/A | HD43: 1121655000 | HE43: #N/A | HF43: 1704744720 | HG43: 6209802040 | HH43: #N/A | HI43: 5914401248 | HJ43: #N/A | HK43: 6205063072 | HL43: 475840448 | HM43: #N/A | HN43: 634323472 | HO43: 450661211 | HP43: #N/A | HQ43: 2013133384 | HR43: #N/A | HS43: #N/A | HT43: #N/A | HU43: 598170056 | HV43: 625498960 | HW43: 1336484904 | HX43: #N/A | HY43: #N/A | HZ43: #N/A | IA43: #N/A | IB43: 548930288 | IC43: 1641066584 | ID43: 5824614848 | IE43: 2142954184 | IF43: #N/A | IG43: 2159261000 | IH43: #N/A | II43: #N/A | IJ43: #N/A | IK43: 1062485488 | IL43: 8667256352 | IM43: 203313650 | IN43: 673088048 | IO43: #N/A | IP43: 1136653904 | IQ43: #N/A | IR43: #N/A | IS43: #N/A | IT43: 1742321224 | IU43: 831410480 | IV43: 388055400 | IW43: #N/A | IX43: 1637933440 | IY43: #N/A | IZ43: #N/A | JA43: #N/A | JB43: 755797088 | JC43: #N/A | JD43: #N/A | JE43: #N/A | JF43: 44418749 | JG43: #N/A | JH43: 409700888 | JI43: 2024896352 | JJ43: #N/A | JK43: #N/A | JL43: 2778244976 | JM43: 1738090704 | JN43: 400869040 | JO43: #N/A | JP43: 3207244376 | JQ43: 43563484 | JR43: 4613562816 | JS43: #N/A | JT43: #N/A | JU43: #N/A | JV43: #N/A | JW43: #N/A | JX43: 174106552 | JY43: #N/A | JZ43: #N/A | KA43: #N/A | KB43: #N/A | KC43: #N/A | KD43: 2335410536 | KE43: 1038356528 | KF43: 1364398936 | KG43: #N/A | KH43: #N/A | KI43: #N/A
B44: 43070 | C44: 85013861728 | D44: 8680176104 | E44: 1377508440 | F44: 1235196576 | G44: 73213049320 | H44: #N/A | I44: 1317981920 | J44: #N/A | K44: #N/A | L44: #N/A | M44: #N/A | N44: #N/A | O44: #N/A | P44: #N/A | Q44: 2836259472 | R44: #N/A | S44: #N/A | T44: 1616074912 | U44: #N/A | V44: #N/A | W44: 20668113504 | X44: #N/A | Y44: 7656175424 | Z44: 1925045160 | AA44: #N/A | AB44: #N/A | AC44: 9290523880 | AD44: #N/A | AE44: 3906086752 | AF44: #N/A | AG44: 7636411400 | AH44: 19371507896 | AI44: #N/A | AJ44: 2531916616 | AK44: #N/A | AL44: 607328398912 | AM44: #N/A | AN44: #N/A | AO44: 6061094920 | AP44: 11461275904 | AQ44: 193826160192 | AR44: #N/A | AS44: 23333921280 | AT44: #N/A | AU44: 40091868288 | AV44: #N/A | AW44: 4734823552 | AX44: #N/A | AY44: #N/A | AZ44: #N/A | BA44: 115489081792 | BB44: 610484088128 | BC44: 607328398912 | BD44: 578980144896 | BE44: 470518118848 | BF44: 121815877184 | BG44: 100537297248 | BH44: 193826160192 | BI44: 2.8843345e+12 | BJ44: #N/A | BK44: 83985139728 | BL44: 73213049320 | BM44: 29532751392 | BN44: 15409547208 | BO44: #N/A | BP44: #N/A | BQ44: 75898030720 | BR44: 38074786008 | BS44: 21932783744 | BT44: 27938286848 | BU44: 40091868288 | BV44: 11461275904 | BW44: 20668113504 | BX44: 85013861728 | BY44: #N/A | BZ44: #N/A | CA44: 40850512880 | CB44: #N/A | CC44: #N/A | CD44: 2457766800 | CE44: 16902442368 | CF44: #N/A | CG44: 12687927256 | CH44: #N/A | CI44: #N/A | CJ44: 7763232216 | CK44: 12306505752 | CL44: 6477367176 | CM44: #N/A | CN44: #N/A | CO44: #N/A | CP44: 6061094920 | CQ44: 4556635472 | CR44: 23333921280 | CS44: 12767306808 | CT44: 55802563648 | CU44: 9547919920 | CV44: 1632257312 | CW44: 19371507896 | CX44: #N/A | CY44: 40736903168 | CZ44: 1.6153277e+11 | DA44: 7364682888 | DB44: #N/A | DC44: 1079224120 | DD44: 85582847936 | DE44: 1235196576 | DF44: #N/A | DG44: 14340313616 | DH44: 10360923224 | DI44: 5208851584 | DJ44: #N/A | DK44: 6775110728 | DL44: #N/A | DM44: 1949416936 | DN44: 20748478424 | DO44: 1616074912 | DP44: 4840320704 | DQ44: 3906086752 | DR44: #N/A | DS44: #N/A | DT44: 3.9223522e+09 | DU44: 10383048960 | DV44: 5917764248 | DW44: 5209460720 | DX44: #N/A | DY44: #N/A | DZ44: 19411315536 | EA44: 4954441888 | EB44: #N/A | EC44: 8672166096 | ED44: 13182500392 | EE44: 1119665824 | EF44: 4181907656 | EG44: 4744733600 | EH44: 2894535936 | EI44: #N/A | EJ44: 2141347608 | EK44: 986966712 | EL44: 1375420552 | EM44: #N/A | EN44: 2531916616 | EO44: #N/A | EP44: 7415000152 | EQ44: #N/A | ER44: #N/A | ES44: 3375273152 | ET44: 4481863176 | EU44: 6367301000 | EV44: 5968658968 | EW44: #N/A | EX44: 8680176104 | EY44: 1865781008 | EZ44: 209279359 | FA44: 2836259472 | FB44: 9955696576 | FC44: #N/A | FD44: 4120552480 | FE44: #N/A | FF44: 7952294256 | FG44: #N/A | FH44: #N/A | FI44: 14836745512 | FJ44: 4951654304 | FK44: #N/A | FL44: 1599834016 | FM44: #N/A | FN44: 18607907904 | FO44: 6641108432 | FP44: 5411344824 | FQ44: #N/A | FR44: 103285210 | FS44: #N/A | FT44: 825481696 | FU44: 2516414528 | FV44: #N/A | FW44: 1531898728 | FX44: #N/A | FY44: #N/A | FZ44: 1262735072 | GA44: 1872368344 | GB44: 3705129296 | GC44: 883521384 | GD44: 3021555520 | GE44: 2902448592 | GF44: 4734823552 | GG44: #N/A | GH44: 2297368360 | GI44: #N/A | GJ44: #N/A | GK44: 1514560544 | GL44: #N/A | GM44: 3614139792 | GN44: 6213815520 | GO44: #N/A | GP44: #N/A | GQ44: #N/A | GR44: #N/A | GS44: 9193933888 | GT44: #N/A | GU44: #N/A | GV44: #N/A | GW44: #N/A | GX44: #N/A | GY44: #N/A | GZ44: #N/A | HA44: #N/A | HB44: #N/A | HC44: #N/A | HD44: 1098571536 | HE44: #N/A | HF44: 1749464200 | HG44: 5827829304 | HH44: #N/A | HI44: 5587404584 | HJ44: #N/A | HK44: 6358118816 | HL44: 530770984 | HM44: #N/A | HN44: 464850160 | HO44: 496520085 | HP44: #N/A | HQ44: 2292424776 | HR44: #N/A | HS44: #N/A | HT44: #N/A | HU44: 661219560 | HV44: 792110424 | HW44: 1468889464 | HX44: #N/A | HY44: #N/A | HZ44: #N/A | IA44: #N/A | IB44: 563810096 | IC44: 1636385496 | ID44: 6083934144 | IE44: 2302409056 | IF44: #N/A | IG44: 1928564936 | IH44: #N/A | II44: #N/A | IJ44: #N/A | IK44: 1328917464 | IL44: 9044645408 | IM44: 416981291 | IN44: 597924016 | IO44: #N/A | IP44: 1313247568 | IQ44: #N/A | IR44: #N/A | IS44: #N/A | IT44: 1800090352 | IU44: 864480288 | IV44: 278491848 | IW44: #N/A | IX44: 1830788208 | IY44: #N/A | IZ44: #N/A | JA44: #N/A | JB44: 720895592 | JC44: #N/A | JD44: #N/A | JE44: #N/A | JF44: 46852595 | JG44: #N/A | JH44: 459296120 | JI44: 2122394272 | JJ44: #N/A | JK44: #N/A | JL44: 2957513584 | JM44: 1625991496 | JN44: 378032456 | JO44: #N/A | JP44: 3079865432 | JQ44: 43997588 | JR44: 4265173952 | JS44: #N/A | JT44: #N/A | JU44: #N/A | JV44: #N/A | JW44: #N/A | JX44: 224379216 | JY44: #N/A | JZ44: #N/A | KA44: #N/A | KB44: #N/A | KC44: #N/A | KD44: 2296607824 | KE44: 1235326896 | KF44: 1561278728 | KG44: #N/A | KH44: #N/A | KI44: #N/A
B45: 43101 | C45: 82444984472 | D45: 10244829672 | E45: 1365626968 | F45: 1342080416 | G45: 72057371112 | H45: #N/A | I45: 1141147616 | J45: #N/A | K45: #N/A | L45: #N/A | M45: #N/A | N45: #N/A | O45: #N/A | P45: #N/A | Q45: 3105334672 | R45: #N/A | S45: #N/A | T45: 1558703184 | U45: #N/A | V45: #N/A | W45: 22003085920 | X45: #N/A | Y45: 7439020864 | Z45: 1947796904 | AA45: #N/A | AB45: #N/A | AC45: 9210126568 | AD45: #N/A | AE45: 3762835296 | AF45: #N/A | AG45: 7055382432 | AH45: 19627706552 | AI45: #N/A | AJ45: 2387055400 | AK45: #N/A | AL45: 617203035712 | AM45: #N/A | AN45: #N/A | AO45: 6321945096 | AP45: 11568785664 | AQ45: 185241380416 | AR45: #N/A | AS45: 22957771264 | AT45: #N/A | AU45: 40434441344 | AV45: #N/A | AW45: 4722984064 | AX45: #N/A | AY45: #N/A | AZ45: #N/A | BA45: 112956000704 | BB45: 633114520896 | BC45: 617203035712 | BD45: 582411020032 | BE45: 474470005184 | BF45: 114416217792 | BG45: 99590359392 | BH45: 185241380416 | BI45: 2.8129894e+12 | BJ45: #N/A | BK45: 86209382416 | BL45: 72057371112 | BM45: 28922072608 | BN45: 15916135368 | BO45: #N/A | BP45: #N/A | BQ45: 76017027712 | BR45: 36522989784 | BS45: 22108784768 | BT45: 28404882688 | BU45: 40434441344 | BV45: 11568785664 | BW45: 22003085920 | BX45: 82444984472 | BY45: #N/A | BZ45: #N/A | CA45: 41414048752 | CB45: #N/A | CC45: #N/A | CD45: 2603589776 | CE45: 18226084224 | CF45: #N/A | CG45: 11776088024 | CH45: #N/A | CI45: #N/A | CJ45: 8250955224 | CK45: 11770021912 | CL45: 6744322952 | CM45: #N/A | CN45: #N/A | CO45: #N/A | CP45: 6321945096 | CQ45: 4365242192 | CR45: 22957771264 | CS45: 11749814328 | CT45: 56385992704 | CU45: 9919657520 | CV45: 1673104928 | CW45: 19627706552 | CX45: #N/A | CY45: 43390115840 | CZ45: 1.5225758e+11 | DA45: 8037178560 | DB45: #N/A | DC45: 1150492472 | DD45: 83563634624 | DE45: 1342080416 | DF45: #N/A | DG45: 12960898576 | DH45: 9920439384 | DI45: 5079893632 | DJ45: #N/A | DK45: 7153908808 | DL45: #N/A | DM45: 2086563688 | DN45: 20302381016 | DO45: 1558703184 | DP45: 4785571520 | DQ45: 3762835296 | DR45: #N/A | DS45: #N/A | DT45: 4676358200 | DU45: 11343892736 | DV45: 5869328536 | DW45: 5213514224 | DX45: #N/A | DY45: #N/A | DZ45: 18729665360 | EA45: 5293760672 | EB45: #N/A | EC45: 9644698320 | ED45: 13071359528 | EE45: 1067320864 | EF45: 4084152264 | EG45: 4927235232 | EH45: 2970378752 | EI45: #N/A | EJ45: 1911564312 | EK45: 883597880 | EL45: 1445133448 | EM45: #N/A | EN45: 2387055400 | EO45: #N/A | EP45: 7417952344 | EQ45: #N/A | ER45: #N/A | ES45: 2974797760 | ET45: 5286962184 | EU45: 6720388488 | EV45: 6850486808 | EW45: #N/A | EX45: 10244829672 | EY45: 1772541712 | EZ45: 223896655 | FA45: 3105334672 | FB45: 10318499776 | FC45: #N/A | FD45: 4183048992 | FE45: #N/A | FF45: 8626839408 | FG45: #N/A | FH45: #N/A | FI45: 15569086760 | FJ45: 5035306400 | FK45: #N/A | FL45: 1479012704 | FM45: #N/A | FN45: 18251504704 | FO45: 6607143376 | FP45: 5293857112 | FQ45: #N/A | FR45: 120966474 | FS45: #N/A | FT45: 849666208 | FU45: 2774080832 | FV45: #N/A | FW45: 1495884648 | FX45: #N/A | FY45: #N/A | FZ45: 1269717856 | GA45: 1890732376 | GB45: 3995301200 | GC45: 851326120 | GD45: 3151630912 | GE45: 2605905936 | GF45: 4722984064 | GG45: #N/A | GH45: 2379294760 | GI45: #N/A | GJ45: #N/A | GK45: 1459975200 | GL45: #N/A | GM45: 3705958288 | GN45: 6270405344 | GO45: #N/A | GP45: #N/A | GQ45: #N/A | GR45: #N/A | GS45: 10006029888 | GT45: #N/A | GU45: #N/A | GV45: #N/A | GW45: #N/A | GX45: #N/A | GY45: #N/A | GZ45: #N/A | HA45: #N/A | HB45: #N/A | HC45: #N/A | HD45: 1098571536 | HE45: #N/A | HF45: 2190069768 | HG45: 5763400248 | HH45: #N/A | HI45: 5593024296 | HJ45: #N/A | HK45: 6658253728 | HL45: 709615400 | HM45: #N/A | HN45: 422304784 | HO45: 487688597 | HP45: #N/A | HQ45: 2044705352 | HR45: #N/A | HS45: #N/A | HT45: #N/A | HU45: 670109096 | HV45: 1053810712 | HW45: 1557410040 | HX45: 94205744 | HY45: #N/A | HZ45: #N/A | IA45: #N/A | IB45: 539837104 | IC45: 1446775512 | ID45: 5988319168 | IE45: 2414639200 | IF45: #N/A | IG45: 1878597704 | IH45: #N/A | II45: #N/A | IJ45: #N/A | IK45: 1223130200 | IL45: 9087930400 | IM45: 366768811 | IN45: 569230128 | IO45: #N/A | IP45: 1324469072 | IQ45: #N/A | IR45: #N/A | IS45: #N/A | IT45: 1623481840 | IU45: 898736480 | IV45: 275715240 | IW45: #N/A | IX45: 1604214384 | IY45: #N/A | IZ45: #N/A | JA45: #N/A | JB45: 739157000 | JC45: #N/A | JD45: #N/A | JE45: #N/A | JF45: 49106323 | JG45: #N/A | JH45: 363010904 | JI45: 2153115936 | JJ45: #N/A | JK45: #N/A | JL45: 3074078320 | JM45: 1615945288 | JN45: 376064392 | JO45: #N/A | JP45: 2919887960 | JQ45: 41174132 | JR45: 4288783296 | JS45: #N/A | JT45: #N/A | JU45: #N/A | JV45: #N/A | JW45: #N/A | JX45: 230730432 | JY45: #N/A | JZ45: #N/A | KA45: #N/A | KB45: #N/A | KC45: #N/A | KD45: 2656884560 | KE45: 1476071728 | KF45: 1565617352 | KG45: #N/A | KH45: #N/A | KI45: #N/A
B46: 43132 | C46: 94072578200 | D46: 10671092200 | E46: 1411455576 | F46: 1307157920 | G46: 79648741864 | H46: #N/A | I46: 1232865248 | J46: #N/A | K46: #N/A | L46: #N/A | M46: #N/A | N46: #N/A | O46: #N/A | P46: #N/A | Q46: 3402438544 | R46: #N/A | S46: #N/A | T46: 1445906256 | U46: #N/A | V46: #N/A | W46: 25784424336 | X46: #N/A | Y46: 8783510208 | Z46: 2086203304 | AA46: #N/A | AB46: #N/A | AC46: 11699680488 | AD46: #N/A | AE46: 4625548680 | AF46: #N/A | AG46: 7866693024 | AH46: 23258607800 | AI46: #N/A | AJ46: 2820233256 | AK46: #N/A | AL46: 683147495232 | AM46: #N/A | AN46: #N/A | AO46: 6701047816 | AP46: 12916796672 | AQ46: 203248657984 | AR46: #N/A | AS46: 25323436544 | AT46: #N/A | AU46: 42446404736 | AV46: #N/A | AW46: 5305474176 | AX46: #N/A | AY46: #N/A | AZ46: #N/A | BA46: 141438003648 | BB46: 717888227456 | BC46: 683147495232 | BD46: 682963299392 | BE46: 519215621696 | BF46: 107101724992 | BG46: #N/A | BH46: 203248657984 | BI46: 3.0520024e+12 | BJ46: #N/A | BK46: 118703351624 | BL46: 79648741864 | BM46: 30184075680 | BN46: 18797761480 | BO46: #N/A | BP46: #N/A | BQ46: 84110338688 | BR46: 34400846040 | BS46: 23623458944 | BT46: 32951932992 | BU46: 42446404736 | BV46: 12916796672 | BW46: 25784424336 | BX46: 94072578200 | BY46: #N/A | BZ46: #N/A | CA46: 42966159344 | CB46: #N/A | CC46: #N/A | CD46: 2528038800 | CE46: 19602670976 | CF46: #N/A | CG46: 12689189848 | CH46: #N/A | CI46: #N/A | CJ46: 9428829768 | CK46: 11960890232 | CL46: 6612396936 | CM46: #N/A | CN46: #N/A | CO46: #N/A | CP46: 6701047816 | CQ46: 4690319696 | CR46: 25323436544 | CS46: 11985841208 | CT46: 59750828032 | CU46: 10694995504 | CV46: 1648967712 | CW46: 23258607800 | CX46: #N/A | CY46: 52400741888 | CZ46: 1.6086968e+11 | DA46: 8608598208 | DB46: #N/A | DC46: 1340802488 | DD46: 89385000000 | DE46: 1307157920 | DF46: #N/A | DG46: 16761090576 | DH46: 10623559768 | DI46: 5683224192 | DJ46: #N/A | DK46: 7268291664 | DL46: #N/A | DM46: 2036658664 | DN46: 21724413912 | DO46: 1445906256 | DP46: 4827285184 | DQ46: 4625548680 | DR46: #N/A | DS46: #N/A | DT46: 4679491128 | DU46: 12254722304 | DV46: 6320308376 | DW46: 5547765280 | DX46: #N/A | DY46: #N/A | DZ46: 17666036560 | EA46: 5773772192 | EB46: #N/A | EC46: 9536866512 | ED46: 12993116728 | EE46: 1147664288 | EF46: 4540926152 | EG46: 4954107456 | EH46: 2956955488 | EI46: #N/A | EJ46: 2140417304 | EK46: 762562296 | EL46: 1485877512 | EM46: #N/A | EN46: 2820233256 | EO46: #N/A | EP46: 8165772376 | EQ46: #N/A | ER46: #N/A | ES46: 3107158208 | ET46: 4126758664 | EU46: 7466384776 | EV46: 7857035288 | EW46: #N/A | EX46: 10671092200 | EY46: 1776649232 | EZ46: 246736207 | FA46: 3402438544 | FB46: 11271892928 | FC46: #N/A | FD46: 4534822944 | FE46: #N/A | FF46: 8703761264 | FG46: #N/A | FH46: #N/A | FI46: 16176735528 | FJ46: 5352580512 | FK46: #N/A | FL46: 1672206976 | FM46: #N/A | FN46: 19928429632 | FO46: 7059140560 | FP46: 4785309016 | FQ46: #N/A | FR46: 49692786 | FS46: #N/A | FT46: 912335648 | FU46: 2571933760 | FV46: #N/A | FW46: 1471189224 | FX46: #N/A | FY46: #N/A | FZ46: 1536227680 | GA46: 1861874776 | GB46: 3930381392 | GC46: 905621544 | GD46: 3063679552 | GE46: 2833428240 | GF46: 5305474176 | GG46: #N/A | GH46: 2605116968 | GI46: #N/A | GJ46: #N/A | GK46: 1485168416 | GL46: #N/A | GM46: 4149083280 | GN46: 6920810048 | GO46: #N/A | GP46: #N/A | GQ46: #N/A | GR46: #N/A | GS46: 8832717056 | GT46: #N/A | GU46: #N/A | GV46: #N/A | GW46: #N/A | GX46: #N/A | GY46: #N/A | GZ46: #N/A | HA46: #N/A | HB46: #N/A | HC46: #N/A | HD46: 1096190352 | HE46: #N/A | HF46: 2033058312 | HG46: #N/A | HH46: #N/A | HI46: 5724151336 | HJ46: #N/A | HK46: 6940000672 | HL46: 1541224936 | HM46: #N/A | HN46: 429221040 | HO46: 706710613 | HP46: #N/A | HQ46: 1858324160 | HR46: #N/A | HS46: #N/A | HT46: #N/A | HU46: 646897640 | HV46: 960175320 | HW46: 1547860088 | HX46: 105714704 | HY46: #N/A | HZ46: #N/A | IA46: #N/A | IB46: 562690920 | IC46: 1673890776 | ID46: 6141241344 | IE46: 2690665056 | IF46: #N/A | IG46: 1962972168 | IH46: #N/A | II46: #N/A | IJ46: #N/A | IK46: 1412433752 | IL46: 9641163808 | IM46: 313482059 | IN46: 678895856 | IO46: #N/A | IP46: 1409122896 | IQ46: #N/A | IR46: #N/A | IS46: #N/A | IT46: 1645675888 | IU46: 900159584 | IV46: 252808184 | IW46: #N/A | IX46: 2065908336 | IY46: #N/A | IZ46: #N/A | JA46: #N/A | JB46: 810811304 | JC46: #N/A | JD46: #N/A | JE46: #N/A | JF46: 49106323 | JG46: #N/A | JH46: 397483384 | JI46: 2177661568 | JJ46: #N/A | JK46: #N/A | JL46: #N/A | JM46: 1650102344 | JN46: 335844904 | JO46: #N/A | JP46: 3238185048 | JQ46: 40413476 | JR46: 4311004096 | JS46: #N/A | JT46: #N/A | JU46: #N/A | JV46: #N/A | JW46: #N/A | JX46: 194403872 | JY46: #N/A | JZ46: #N/A | KA46: #N/A | KB46: #N/A | KC46: #N/A | KD46: 2684818640 | KE46: 1784476848 | KF46: 1386865544 | KG46: #N/A | KH46: #N/A | KI46: #N/A
B47: 43160 | C47: 97341571224 | D47: 10931930024 | E47: 1313441016 | F47: 1918697720 | G47: 83465951328 | H47: #N/A | I47: 1386933472 | J47: #N/A | K47: #N/A | L47: #N/A | M47: #N/A | N47: #N/A | O47: #N/A | P47: #N/A | Q47: 4040957864 | R47: #N/A | S47: #N/A | T47: 1723599056 | U47: #N/A | V47: #N/A | W47: 27271016336 | X47: #N/A | Y47: 8992633024 | Z47: 2600993488 | AA47: #N/A | AB47: #N/A | AC47: 13413629224 | AD47: #N/A | AE47: 4718176136 | AF47: #N/A | AG47: 9125002736 | AH47: 24253004416 | AI47: #N/A | AJ47: 3486817320 | AK47: #N/A | AL47: 672290735936 | AM47: #N/A | AN47: #N/A | AO47: 7067599160 | AP47: 14109566272 | AQ47: 195300615744 | AR47: #N/A | AS47: 25140615680 | AT47: #N/A | AU47: 42466291776 | AV47: #N/A | AW47: 5834109992 | AX47: #N/A | AY47: #N/A | AZ47: #N/A | BA47: 135379049216 | BB47: 646341134464 | BC47: 672290735936 | BD47: 736150875200 | BE47: 469394826816 | BF47: 109120602432 | BG47: 89501912160 | BH47: 195300615744 | BI47: 2.9127529e+12 | BJ47: #N/A | BK47: 129690928968 | BL47: 83465951328 | BM47: 29015282080 | BN47: 17992360584 | BO47: #N/A | BP47: #N/A | BQ47: 89647715904 | BR47: 32652561384 | BS47: 22095727424 | BT47: 32886673664 | BU47: 42466291776 | BV47: 14109566272 | BW47: 27271016336 | BX47: 97341571224 | BY47: #N/A | BZ47: #N/A | CA47: 43708722096 | CB47: #N/A | CC47: #N/A | CD47: 2604788880 | CE47: 16358792096 | CF47: #N/A | CG47: 12542081016 | CH47: #N/A | CI47: #N/A | CJ47: 8724367512 | CK47: 10850909048 | CL47: 5759970128 | CM47: #N/A | CN47: #N/A | CO47: #N/A | CP47: 7067599160 | CQ47: 4578559408 | CR47: 25140615680 | CS47: 10222716888 | CT47: 55890647040 | CU47: 11798469440 | CV47: 1527728712 | CW47: 24253004416 | CX47: #N/A | CY47: 41486606464 | CZ47: 1.5651596e+11 | DA47: 8984136232 | DB47: #N/A | DC47: 1526627360 | DD47: 89685613632 | DE47: 1918697720 | DF47: #N/A | DG47: 17735356512 | DH47: 9732338304 | DI47: 5585787008 | DJ47: #N/A | DK47: 7475372624 | DL47: #N/A | DM47: 2097728280 | DN47: 18346984576 | DO47: 1723599056 | DP47: 4479456448 | DQ47: 4718176136 | DR47: #N/A | DS47: #N/A | DT47: 3891458616 | DU47: 10557542752 | DV47: 5753619784 | DW47: 4877444128 | DX47: #N/A | DY47: #N/A | DZ47: 16441506848 | EA47: 5438914688 | EB47: #N/A | EC47: 9558023376 | ED47: 12917932600 | EE47: 927328480 | EF47: 4381071752 | EG47: 4722378304 | EH47: 2997303648 | EI47: #N/A | EJ47: 3003450968 | EK47: 908780856 | EL47: 1344127856 | EM47: #N/A | EN47: 3486817320 | EO47: #N/A | EP47: 8758446920 | EQ47: #N/A | ER47: #N/A | ES47: 3486916328 | ET47: 3678095920 | EU47: 7365226200 | EV47: 6812069000 | EW47: #N/A | EX47: 10931930024 | EY47: 2144349456 | EZ47: 231205311 | FA47: 4040957864 | FB47: 11861111328 | FC47: #N/A | FD47: 4052013944 | FE47: #N/A | FF47: 6785828232 | FG47: #N/A | FH47: #N/A | FI47: 13454034288 | FJ47: 5545507744 | FK47: #N/A | FL47: 1571284480 | FM47: #N/A | FN47: 18854396120 | FO47: 6277049656 | FP47: 5304789280 | FQ47: #N/A | FR47: 43329062 | FS47: #N/A | FT47: 969362760 | FU47: 2567484264 | FV47: #N/A | FW47: 1405430312 | FX47: #N/A | FY47: #N/A | FZ47: 1413992368 | GA47: 1831223248 | GB47: 4247846320 | GC47: 750647656 | GD47: 2959153720 | GE47: 3051242768 | GF47: 5834109992 | GG47: #N/A | GH47: 2340307656 | GI47: #N/A | GJ47: #N/A | GK47: 1507999040 | GL47: #N/A | GM47: 3906679168 | GN47: 6665035328 | GO47: #N/A | GP47: #N/A | GQ47: #N/A | GR47: #N/A | GS47: 8899729152 | GT47: #N/A | GU47: #N/A | GV47: #N/A | GW47: #N/A | GX47: #N/A | GY47: #N/A | GZ47: #N/A | HA47: #N/A | HB47: #N/A | HC47: #N/A | HD47: 1096190352 | HE47: #N/A | HF47: 2745812792 | HG47: 5381665672 | HH47: #N/A | HI47: 5469390120 | HJ47: #N/A | HK47: 6734362256 | HL47: 1917151080 | HM47: #N/A | HN47: 228738216 | HO47: 925732629 | HP47: #N/A | HQ47: 1870467904 | HR47: #N/A | HS47: #N/A | HT47: #N/A | HU47: 616442888 | HV47: 825671448 | HW47: 1388550080 | HX47: 116763312 | HY47: #N/A | HZ47: #N/A | IA47: #N/A | IB47: 428920936 | IC47: 1808437712 | ID47: 5147989504 | IE47: 2713570704 | IF47: #N/A | IG47: 1934844616 | IH47: #N/A | II47: #N/A | IJ47: #N/A | IK47: 1441698616 | IL47: 9649209376 | IM47: 294011915 | IN47: 729625368 | IO47: #N/A | IP47: 1351376200 | IQ47: #N/A | IR47: #N/A | IS47: #N/A | IT47: 2202473568 | IU47: 923825712 | IV47: 239272200 | IW47: #N/A | IX47: 2167918520 | IY47: #N/A | IZ47: #N/A | JA47: #N/A | JB47: 733417704 | JC47: #N/A | JD47: #N/A | JE47: #N/A | JF47: 48542899 | JG47: #N/A | JH47: 402257656 | JI47: 1988154560 | JJ47: #N/A | JK47: #N/A | JL47: 3382875280 | JM47: 1782535448 | JN47: 350827376 | JO47: #N/A | JP47: 2744010688 | JQ47: 42850156 | JR47: 5028001152 | JS47: #N/A | JT47: #N/A | JU47: #N/A | JV47: #N/A | JW47: #N/A | JX47: 184964672 | JY47: #N/A | JZ47: #N/A | KA47: #N/A | KB47: #N/A | KC47: #N/A | KD47: 2517214672 | KE47: 1383616480 | KF47: 1396815304 | KG47: #N/A | KH47: #N/A | KI47: 330134336
B48: 43191 | C48: 102139814464 | D48: 11452226472 | E48: 1345806456 | F48: 2004613240 | G48: 82377767008 | H48: #N/A | I48: 1484871136 | J48: #N/A | K48: #N/A | L48: #N/A | M48: #N/A | N48: #N/A | O48: #N/A | P48: #N/A | Q48: 3895203752 | R48: #N/A | S48: #N/A | T48: 1916005840 | U48: #N/A | V48: #N/A | W48: 28298252176 | X48: #N/A | Y48: 9471724736 | Z48: 2521805264 | AA48: #N/A | AB48: #N/A | AC48: 12132848936 | AD48: #N/A | AE48: 4691284360 | AF48: #N/A | AG48: 9558926832 | AH48: 25170823808 | AI48: #N/A | AJ48: 3940868272 | AK48: #N/A | AL48: 660125091648 | AM48: #N/A | AN48: 3478899504 | AO48: 7751457592 | AP48: 14851700032 | AQ48: 177508819904 | AR48: #N/A | AS48: 27489612288 | AT48: #N/A | AU48: 44773851200 | AV48: #N/A | AW48: 6332155944 | AX48: #N/A | AY48: #N/A | AZ48: #N/A | BA48: 135003953920 | BB48: 621221578880 | BC48: 660125091648 | BD48: 713828658240 | BE48: 422479078976 | BF48: 110489706496 | BG48: 90230926432 | BH48: 177508819904 | BI48: 2.9061596e+12 | BJ48: #N/A | BK48: 131843311432 | BL48: 82377767008 | BM48: 28153817504 | BN48: 17364421256 | BO48: #N/A | BP48: #N/A | BQ48: 92159686208 | BR48: 33330361320 | BS48: 22617557824 | BT48: 33127063808 | BU48: 44773851200 | BV48: 14851700032 | BW48: 28298252176 | BX48: 102139814464 | BY48: #N/A | BZ48: #N/A | CA48: 43158638512 | CB48: #N/A | CC48: #N/A | CD48: 3144268888 | CE48: 15886487456 | CF48: #N/A | CG48: 12350225400 | CH48: #N/A | CI48: #N/A | CJ48: 8246724760 | CK48: 10451405688 | CL48: 5835543376 | CM48: #N/A | CN48: #N/A | CO48: #N/A | CP48: 7751457592 | CQ48: 4578559408 | CR48: 27489612288 | CS48: 10255875032 | CT48: 55749134464 | CU48: 11192024384 | CV48: 1557468744 | CW48: 25170823808 | CX48: #N/A | CY48: 39432085632 | CZ48: 1.5444902e+11 | DA48: 8995829288 | DB48: #N/A | DC48: 1447927712 | DD48: 86361168960 | DE48: 2004613240 | DF48: #N/A | DG48: 18999732320 | DH48: 9742746240 | DI48: 5578870400 | DJ48: #N/A | DK48: 7312392784 | DL48: 3478899504 | DM48: 2052199704 | DN48: 19326309504 | DO48: 1916005840 | DP48: 6230709440 | DQ48: 4691284360 | DR48: #N/A | DS48: #N/A | DT48: 4820237880 | DU48: 10808181088 | DV48: 6057986888 | DW48: 4954647584 | DX48: #N/A | DY48: #N/A | DZ48: 16503544864 | EA48: 5204611200 | EB48: #N/A | EC48: 10011801072 | ED48: 12388378168 | EE48: 876200864 | EF48: 5187452040 | EG48: 4478626880 | EH48: 2661851360 | EI48: #N/A | EJ48: 3306875480 | EK48: 956163128 | EL48: 1433904752 | EM48: #N/A | EN48: 3940868272 | EO48: #N/A | EP48: 9893594952 | EQ48: #N/A | ER48: #N/A | ES48: 3732659688 | ET48: 2919373360 | EU48: 7257205464 | EV48: 5772149896 | EW48: #N/A | EX48: 11452226472 | EY48: 1956697744 | EZ48: 196047392 | FA48: 3895203752 | FB48: 12210995744 | FC48: #N/A | FD48: 4006224504 | FE48: #N/A | FF48: 6175435144 | FG48: #N/A | FH48: #N/A | FI48: 14052680048 | FJ48: 5953763952 | FK48: #N/A | FL48: 1513254144 | FM48: #N/A | FN48: 17993699544 | FO48: 6555648824 | FP48: 7566592288 | FQ48: #N/A | FR48: 31706055 | FS48: #N/A | FT48: 998618696 | FU48: 2548835432 | FV48: #N/A | FW48: 1381706664 | FX48: #N/A | FY48: #N/A | FZ48: 1506329648 | GA48: 2017361104 | GB48: 4289730992 | GC48: 394872368 | GD48: 3031918776 | GE48: 3449767736 | GF48: 6332155944 | GG48: #N/A | GH48: 2583862984 | GI48: #N/A | GJ48: #N/A | GK48: 1561450048 | GL48: #N/A | GM48: 3585302144 | GN48: 6540327488 | GO48: #N/A | GP48: #N/A | GQ48: 12615969344 | GR48: #N/A | GS48: 8593520896 | GT48: #N/A | GU48: #N/A | GV48: #N/A | GW48: #N/A | GX48: #N/A | GY48: #N/A | GZ48: #N/A | HA48: #N/A | HB48: #N/A | HC48: #N/A | HD48: 1260712464 | HE48: #N/A | HF48: 3078730296 | HG48: 5157907336 | HH48: #N/A | HI48: 5916468384 | HJ48: #N/A | HK48: 7008721040 | HL48: 1907514960 | HM48: #N/A | HN48: 230710664 | HO48: 988643917 | HP48: #N/A | HQ48: 1923900352 | HR48: #N/A | HS48: #N/A | HT48: #N/A | HU48: 584859552 | HV48: 889239128 | HW48: 1506245952 | HX48: 176875816 | HY48: #N/A | HZ48: #N/A | IA48: #N/A | IB48: 425607720 | IC48: 1814741968 | ID48: 5050964224 | IE48: 2822069392 | IF48: #N/A | IG48: 2022794120 | IH48: #N/A | II48: #N/A | IJ48: #N/A | IK48: 1574814392 | IL48: 9647864864 | IM48: 161095819 | IN48: 631980760 | IO48: #N/A | IP48: 1298569608 | IQ48: #N/A | IR48: #N/A | IS48: #N/A | IT48: 1979638512 | IU48: 930466800 | IV48: 244809912 | IW48: #N/A | IX48: 2294909368 | IY48: #N/A | IZ48: #N/A | JA48: #N/A | JB48: 898257376 | JC48: #N/A | JD48: #N/A | JE48: #N/A | JF48: 48450861 | JG48: #N/A | JH48: 334796088 | JI48: 2078406848 | JJ48: #N/A | JK48: #N/A | JL48: 3525065360 | JM48: 1844834200 | JN48: 410676136 | JO48: #N/A | JP48: 2638832064 | JQ48: 44568107 | JR48: 5185053056 | JS48: #N/A | JT48: #N/A | JU48: #N/A | JV48: #N/A | JW48: #N/A | JX48: 249068592 | JY48: #N/A | JZ48: #N/A | KA48: #N/A | KB48: #N/A | KC48: #N/A | KD48: 2593677000 | KE48: 1465207648 | KF48: 1342972104 | KG48: #N/A | KH48: #N/A | KI48: 424798720
